"x";"x";"x";"x";"x";"x";"x";"x";"x";"x";"x";"x";"x";"x";"x";"x";"x";"x";"x";"x";"x";"x";"x";"x";"x";"x";"x";"x";"x";"x";"x";"x";"x";"x";"x";"x";"x";"x";"x";"x";"x";"x";"x";"x";"x";"x";"x";"x";"x";"x";"x";"x";"x";"x";"x";"x";"x";"x";"x";"x";"x";"x";"x";"x";"x";"x";"x";"x";"x";"x";"x";"x";"x";"x";"x";"x";"x";"x";"x";"x";"x";"x";"x";"x";"x";"x";"x";"x";"x";"x";"x";"x";"x";"x";"x";"x";"x";"x";"x";"x";"x";"x";"x";"x";"x";"x";"x";"x";"x";"x";"x";"x";"x";"x";"x";"x";"x";"x";"x";"x";"x";"x";"x";"x";"x";"x";"x";"x";"x";"x";"x";"x";"x";"x";"x";"x";"x";"x";"x";"x";"x";"x";"x";"x";"x";"x";"x";"x";"x";"x";"x";"x";"x";"x";"x";"x";"x";"x";"x";"x";"x";"x";"x";"x";"x";"x";"x";"x";"x";"x";"x";"x";"x";"x";"x";"x";"x";"x";"x";"x";"x";"x";"x";"x";"x";"x";"x";"x";"x";"x";"x";"x";"x";"x";"x";"x";"x";"x";"x";"x";"x";"x";"x";"x";"x";"x";"x";"x";"x";"x";"x";"x";"x";"x";"x";"x";"x";"x";"x";"x";"x";"x";"x";"x";"x";"x";"x";"x";"x";"x";"x";"x";"x";"x";"x";"x";"x";"x";"x";"x";"x";"x";"x";"x";"x";"x";"x";"x";"x";"x";"x";"x";"x";"x";"x";"x";"x";"x";"x";"x";"x";"x";"x";"x";"x";"x";"x";"x";"x";"x";"x";"x";"x";"x";"x";"x";"x";"x";"x";"x";"x";"x";"x";"x";"x";"x";"x";"x";"x";"x";"x";"x";"x";"x";"x";"x";"x";"x";"x";"x";"x";"x";"x";"x";"x";"x";"x";"x";"x";"x";"x";"x";"x";"x";"x";"x";"x";"x";"x";"x";"x";"x";"x";"x";"x";"x";"x";"x";"x";"x";"x";"x";"x";"x";"x";"x";"x";"x";"x";"x";"x";"x";"x";"x";"x";"x";"x";"x";"x";"x";"x";"x";"x";"x";"x";"x";"x";"x";"x";"x";"x";"x";"x";"x";"x";"x";"x";"x";"x";"x";"x";"x";"x";"x";"x";"x";"x";"x";"x";"x";"x";"x";"x";"x";"x";"x";"x";"x";"x";"x";"x";"x";"x";"x";"x";"x";"x";"x";"x";"x";"x";"x";"x";"x";"x";"x";"x";"x";"x";"x";"x";"x";"x";"x";"x";"x";"x";"x";"x";"x";"x";"x";"x";"x";"x";"x";"x";"x";"x";"x";"x";"x";"x";"x";"x";"x";"x";"x";"x";"x";"x";"x";"x";"x";"x";"x";"x";"x";"x";"x";"x";"x";"x";"x";"x";"x";"x";"x";"x";"x";"x";"x";"x";"x";"x";"x";"x";"x";"x";"x";"x";"x";"x";"x";"x";"x";"x";"x";"x";"x";"x";"x";"x";"x";"x";"x";"x";"x";"x";"x";"x";"x";"x";"x";"x";"x";"x";"x";"x";"x";"Load";"Load";"Load";"Load";"Load";"Load";"Load";"Load";"Load";"Load";"Load";"Load";"Load";"Load";"Load";"Load";"Load";"Load";"Load";"Load";"Load";"Load";"Load";"Load";"Load";"Load";"Load";"Load";"Load";"Load";"Objective Value";"Valid?";"ReturnCode";"CompTime"
"Org";"1";"0";"1";"1";"1";"1";"1";"0";"1";"1";"1";"0";"1";"1";"0";"1";"1";"1";"1";"0";"0";"1";"1";"0";"1";"1";"1";"1";"1";"0";"0";"1";"1";"1";"0";"1";"0";"1";"1";"1";"1";"0";"1";"0";"1";"1";"1";"1";"1";"1";"1";"1";"1";"0";"1";"1";"1";"1";"1";"0";"1";"1";"1";"1";"1";"0";"1";"1";"1";"1";"1";"1";"1";"1";"0";"1";"1";"0";"1";"1";"1";"0";"1";"1";"1";"1";"1";"1";"1";"1";"1";"1";"1";"1";"0";"1";"0";"1";"1";"1";"1";"1";"1";"1";"1";"1";"1";"1";"0";"1";"1";"1";"0";"1";"1";"1";"1";"1";"1";"1";"1";"1";"1";"1";"0";"0";"1";"0";"1";"1";"1";"0";"1";"0";"0";"1";"1";"0";"0";"1";"1";"1";"1";"1";"0";"1";"1";"1";"1";"0";"1";"1";"1";"1";"1";"0";"1";"1";"1";"1";"0";"1";"1";"0";"0";"1";"1";"1";"1";"1";"1";"1";"1";"1";"1";"1";"1";"0";"1";"1";"0";"0";"1";"1";"1";"1";"1";"0";"1";"1";"1";"0";"1";"1";"1";"0";"1";"0";"1";"0";"1";"1";"1";"1";"0";"0";"0";"0";"0";"1";"0";"1";"1";"1";"1";"0";"0";"1";"1";"0";"0";"1";"1";"0";"1";"0";"0";"1";"1";"1";"0";"0";"1";"0";"1";"1";"1";"1";"1";"1";"1";"1";"1";"1";"1";"1";"1";"1";"1";"0";"0";"1";"0";"0";"1";"1";"1";"1";"1";"1";"1";"1";"1";"1";"0";"1";"0";"1";"1";"0";"1";"1";"1";"0";"0";"1";"1";"0";"1";"0";"1";"0";"1";"1";"1";"1";"0";"1";"1";"1";"1";"1";"1";"1";"0";"1";"1";"0";"1";"1";"1";"1";"0";"1";"1";"1";"0";"1";"1";"1";"0";"0";"0";"1";"1";"1";"0";"1";"1";"0";"1";"1";"1";"0";"1";"1";"1";"1";"1";"1";"1";"1";"0";"1";"1";"1";"1";"0";"1";"1";"1";"1";"1";"1";"1";"1";"1";"1";"0";"1";"0";"1";"1";"1";"1";"1";"0";"1";"0";"1";"1";"1";"1";"1";"1";"1";"1";"1";"1";"1";"0";"0";"0";"0";"0";"1";"1";"1";"1";"0";"1";"1";"1";"1";"0";"0";"1";"1";"1";"1";"1";"1";"1";"0";"1";"1";"1";"1";"0";"0";"0";"1";"1";"0";"1";"0";"1";"1";"0";"1";"0";"1";"1";"1";"1";"1";"1";"1";"1";"1";"1";"0";"1";"1";"1";"0";"0";"1";"0";"1";"1";"1";"1";"1";"1";"1";"1";"1";"1";"1";"1";"1";"0";"1";"1";"1";"1";"1";"1";"0";"0";"0";"1";"0";"1";"1";"1";"1";"1";"0";"1";"1";"1";"1";"1";"1";"0";"1";"1";"1";"1";"1";"0";"1";"1";"0";"1";"0";"1";"1";"0";"1";"0";"1";"0";"0";"1";"1";"1";"1";"1";"1";"1";"1";"1";"1";"1";"0";"1";"1";"0.995293038114496";"0.998638919543854";"0.996672836122253";"0.999393542570091";"0.999626526370486";"0.99869819568851";"0.999951904835702";"0.996808399412305";"0.989586372630674";"0.997938525781642";"0.997767034047609";"0.997061125558613";"0.987685104529617";"0.996705613634367";"0.995841964330824";"0.998655632741882";"0.999006124422478";"0.995227914789646";"0.997330083642608";"0.999260750149739";"0.999634074153796";"0.999716831122438";"0.997875149564715";"0.997212155004182";"0.998481393096953";"0.988664746430585";"0.99962550659211";"0.99961263782728";"0.997841089321614";"0.995321976046079";"305055";"TRUE";"TIME_LIMIT";"1440.00658893585"
"Org_kmax_kmin";"1";"0";"1";"1";"1";"1";"1";"0";"1";"1";"1";"1";"1";"1";"0";"1";"1";"1";"1";"0";"0";"1";"1";"0";"1";"1";"1";"1";"1";"0";"0";"1";"1";"1";"0";"1";"0";"1";"1";"1";"1";"0";"1";"0";"1";"1";"1";"1";"1";"1";"1";"1";"1";"0";"1";"1";"1";"1";"1";"0";"1";"1";"1";"1";"1";"0";"1";"1";"1";"1";"1";"1";"1";"1";"0";"1";"1";"0";"0";"1";"1";"0";"1";"1";"1";"1";"1";"1";"1";"1";"1";"1";"1";"1";"0";"1";"0";"1";"1";"1";"1";"1";"1";"1";"1";"1";"1";"1";"0";"1";"1";"1";"0";"1";"1";"1";"1";"1";"1";"1";"1";"1";"1";"1";"0";"0";"1";"0";"1";"1";"1";"0";"1";"0";"0";"1";"1";"0";"0";"1";"1";"1";"1";"1";"0";"1";"1";"1";"1";"0";"1";"1";"1";"1";"1";"0";"1";"1";"1";"1";"0";"1";"1";"0";"0";"1";"1";"1";"1";"1";"1";"1";"1";"1";"1";"1";"1";"0";"1";"1";"0";"0";"1";"1";"1";"1";"1";"0";"1";"1";"1";"0";"1";"1";"1";"1";"1";"0";"1";"0";"1";"1";"1";"1";"0";"0";"0";"0";"0";"1";"0";"1";"1";"1";"1";"0";"1";"1";"1";"0";"0";"1";"1";"0";"1";"0";"0";"1";"1";"1";"0";"0";"1";"0";"1";"1";"1";"0";"1";"1";"1";"1";"1";"1";"1";"1";"1";"1";"1";"0";"1";"1";"0";"1";"1";"1";"1";"1";"1";"1";"1";"1";"1";"1";"0";"1";"0";"1";"1";"0";"1";"1";"1";"0";"0";"1";"1";"0";"1";"0";"1";"0";"1";"1";"1";"1";"0";"1";"1";"1";"1";"1";"1";"1";"0";"1";"1";"0";"1";"1";"1";"1";"0";"1";"1";"1";"0";"1";"1";"1";"0";"1";"0";"1";"1";"1";"0";"1";"1";"0";"1";"1";"1";"0";"1";"1";"1";"1";"1";"1";"1";"1";"0";"1";"1";"1";"1";"0";"1";"1";"1";"1";"1";"1";"1";"1";"1";"1";"0";"1";"0";"1";"1";"1";"1";"0";"0";"1";"0";"1";"1";"1";"1";"1";"1";"1";"1";"1";"1";"1";"0";"0";"0";"0";"0";"1";"1";"1";"1";"0";"0";"1";"1";"1";"0";"0";"1";"1";"1";"1";"1";"1";"1";"0";"1";"1";"1";"1";"1";"0";"0";"1";"1";"0";"1";"0";"1";"1";"0";"0";"0";"1";"1";"1";"1";"1";"1";"1";"1";"1";"1";"0";"1";"1";"1";"0";"0";"0";"0";"1";"1";"1";"1";"1";"1";"1";"1";"1";"1";"1";"1";"1";"0";"1";"1";"1";"1";"1";"1";"0";"0";"0";"1";"0";"1";"1";"1";"1";"1";"0";"1";"1";"1";"1";"1";"1";"0";"1";"1";"1";"1";"1";"0";"1";"1";"0";"1";"0";"1";"1";"0";"1";"0";"1";"0";"0";"1";"1";"1";"1";"1";"1";"0";"1";"1";"1";"1";"0";"1";"1";"0.991537664191405";"0.99864417468075";"0.993454225715232";"0.99706431668885";"0.999382956612107";"0.998719624566065";"0.999903809671403";"0.996307648285615";"0.988063850442699";"0.998911118746201";"0.997889949604622";"0.999272855808317";"0.985327743902439";"0.992247210752877";"0.999610973576517";"0.998985185805156";"0.999978510798324";"0.996389576675138";"0.995801251869495";"0.999881288345214";"0.999397298606253";"0.998083164521118";"0.998695176795808";"0.999308399991422";"0.999973543433745";"0.997248925684795";"0.999851228646181";"0.999710842321772";"0.997315948886331";"0.996673066569144";"305080";"TRUE";"TIME_LIMIT";"1440.00799703598"
"Dim.  1";"1";"1";"1";"1";"1";"1";"1";"0";"1";"1";"1";"0";"1";"1";"0";"1";"1";"1";"1";"0";"0";"1";"1";"0";"1";"1";"1";"1";"1";"0";"1";"1";"1";"1";"0";"1";"1";"1";"1";"1";"1";"0";"1";"1";"1";"1";"1";"1";"1";"1";"1";"1";"1";"0";"1";"1";"1";"1";"1";"1";"1";"1";"1";"1";"1";"0";"1";"1";"1";"1";"1";"1";"1";"1";"0";"1";"1";"0";"0";"1";"1";"0";"1";"1";"1";"1";"1";"1";"1";"1";"1";"1";"1";"1";"0";"1";"0";"1";"1";"1";"1";"1";"1";"1";"1";"0";"1";"1";"1";"1";"1";"1";"0";"1";"1";"1";"1";"1";"1";"1";"1";"1";"1";"1";"0";"0";"1";"0";"1";"1";"1";"0";"1";"0";"1";"1";"1";"0";"0";"1";"1";"1";"1";"1";"0";"1";"1";"1";"1";"0";"1";"1";"1";"1";"1";"0";"1";"1";"1";"1";"0";"1";"1";"0";"1";"1";"1";"1";"0";"1";"1";"1";"1";"1";"1";"1";"1";"1";"1";"1";"0";"0";"1";"1";"1";"1";"1";"0";"1";"1";"1";"0";"0";"1";"1";"0";"1";"0";"1";"0";"1";"1";"0";"1";"0";"0";"0";"0";"0";"1";"0";"1";"1";"1";"1";"1";"0";"1";"1";"0";"0";"1";"1";"1";"1";"0";"0";"1";"1";"1";"0";"1";"1";"0";"1";"1";"1";"0";"1";"1";"1";"1";"1";"1";"1";"1";"1";"1";"1";"0";"1";"1";"0";"0";"1";"1";"1";"1";"1";"1";"1";"1";"1";"1";"0";"1";"0";"1";"1";"0";"1";"1";"1";"0";"1";"1";"1";"0";"1";"0";"1";"0";"1";"1";"1";"1";"0";"1";"0";"1";"1";"1";"1";"1";"0";"1";"1";"0";"1";"1";"1";"1";"0";"1";"1";"1";"0";"1";"1";"1";"0";"1";"1";"1";"1";"1";"0";"1";"1";"0";"1";"1";"1";"0";"1";"1";"1";"1";"1";"1";"1";"1";"0";"1";"1";"1";"1";"0";"1";"0";"1";"1";"1";"1";"1";"1";"0";"1";"0";"1";"0";"1";"1";"1";"1";"1";"0";"0";"0";"1";"1";"0";"1";"1";"1";"1";"1";"1";"1";"1";"0";"0";"0";"0";"0";"1";"1";"1";"1";"0";"0";"1";"1";"1";"0";"0";"1";"1";"1";"1";"1";"1";"1";"0";"1";"1";"1";"1";"0";"0";"0";"1";"1";"0";"1";"0";"1";"1";"0";"1";"0";"1";"1";"1";"0";"1";"1";"1";"1";"1";"1";"0";"1";"1";"1";"0";"0";"1";"0";"1";"1";"1";"1";"1";"1";"1";"1";"1";"1";"1";"1";"1";"0";"1";"0";"0";"1";"1";"1";"0";"0";"0";"1";"0";"1";"1";"1";"1";"1";"1";"1";"1";"1";"1";"1";"1";"0";"1";"1";"1";"1";"1";"0";"1";"1";"0";"1";"0";"1";"1";"1";"1";"0";"1";"1";"0";"1";"1";"1";"1";"1";"1";"0";"1";"1";"1";"0";"0";"1";"1";"0.996544829422194";"1.01973829418256";"1.02032120971988";"0.999125198574557";"1.01710400969949";"0.979519350276433";"1.0043820038583";"0.992180578560148";"0.990673888479228";"1.01265956603325";"0.991375425082968";"0.9946928573232";"0.973824041811847";"0.995640428709479";"1.00083868034153";"1.00828067458989";"1.00004835070377";"0.981009827768627";"0.985132664931036";"1.03853272394684";"0.992977452510359";"0.99750049009998";"1.01805091389198";"1.01450215521863";"0.984655191571996";"0.977339835245813";"1.01926332529626";"1.00108024943942";"1.00425947241952";"0.988581761293796";"306700";"FALSE";"TIME_LIMIT";"0.0270538330078125"
"Dim.  2";"1";"1";"1";"1";"1";"1";"1";"0";"1";"1";"1";"0";"1";"1";"0";"1";"1";"1";"1";"0";"0";"1";"1";"0";"1";"1";"1";"1";"1";"0";"1";"1";"1";"1";"0";"1";"1";"1";"1";"1";"1";"0";"1";"1";"1";"1";"1";"1";"1";"1";"1";"1";"1";"0";"1";"1";"1";"1";"1";"1";"1";"1";"1";"1";"1";"0";"1";"1";"1";"1";"1";"1";"1";"1";"0";"1";"1";"0";"0";"1";"1";"0";"1";"1";"1";"1";"1";"1";"1";"1";"1";"1";"1";"1";"0";"1";"0";"1";"1";"1";"1";"1";"1";"1";"1";"1";"1";"1";"0";"1";"1";"1";"0";"1";"1";"1";"1";"1";"1";"1";"1";"1";"1";"1";"0";"0";"1";"0";"1";"1";"1";"0";"1";"0";"1";"1";"1";"0";"0";"1";"1";"1";"1";"1";"0";"1";"1";"1";"1";"0";"1";"1";"1";"1";"1";"0";"1";"1";"1";"1";"0";"1";"1";"0";"1";"1";"1";"1";"0";"1";"1";"1";"1";"1";"1";"1";"1";"1";"0";"1";"0";"0";"1";"1";"1";"1";"1";"0";"1";"1";"1";"0";"0";"1";"1";"0";"1";"0";"1";"0";"0";"1";"0";"1";"0";"0";"0";"0";"0";"1";"0";"1";"1";"1";"1";"1";"0";"1";"1";"0";"0";"1";"1";"1";"1";"0";"0";"1";"1";"1";"0";"1";"1";"0";"1";"1";"1";"1";"1";"1";"1";"1";"1";"1";"1";"1";"1";"1";"1";"0";"1";"1";"0";"0";"1";"1";"1";"1";"1";"1";"1";"1";"1";"1";"0";"1";"0";"1";"1";"0";"1";"1";"1";"0";"1";"1";"1";"0";"1";"0";"1";"0";"1";"1";"1";"1";"0";"1";"0";"1";"1";"1";"1";"1";"1";"1";"1";"0";"1";"1";"1";"1";"0";"1";"1";"1";"0";"1";"1";"1";"0";"1";"1";"1";"1";"1";"0";"1";"1";"0";"1";"1";"1";"0";"1";"1";"1";"1";"1";"1";"1";"1";"0";"1";"1";"1";"1";"0";"1";"0";"1";"1";"1";"1";"1";"1";"0";"1";"0";"1";"0";"1";"1";"1";"1";"1";"0";"0";"0";"1";"1";"0";"1";"1";"1";"1";"1";"1";"1";"1";"0";"0";"0";"0";"0";"1";"1";"1";"1";"0";"0";"1";"1";"1";"0";"0";"1";"1";"1";"1";"1";"1";"1";"0";"1";"1";"1";"1";"0";"0";"0";"1";"1";"0";"1";"0";"1";"1";"0";"1";"0";"1";"1";"1";"0";"1";"1";"1";"1";"1";"1";"0";"1";"1";"1";"0";"0";"1";"0";"1";"1";"1";"1";"1";"1";"1";"1";"1";"1";"1";"1";"1";"0";"1";"0";"0";"1";"1";"1";"0";"0";"0";"1";"0";"1";"1";"1";"1";"1";"1";"1";"1";"1";"1";"1";"1";"0";"1";"1";"1";"1";"1";"0";"1";"1";"0";"1";"0";"1";"1";"1";"1";"0";"1";"1";"0";"1";"1";"1";"1";"1";"1";"0";"1";"1";"1";"0";"0";"1";"1";"0.999212674245385";"1.01685847916338";"1.019441926607";"1.00120754797991";"1.01943145405733";"0.982931899027129";"1.00528512416568";"0.990040005062539";"0.994705654551917";"1.0095832121997";"0.992251198426681";"0.996238038730527";"0.964498040069686";"0.994723491171045";"0.996655383216289";"1.00828067458989";"0.996927044160309";"0.984849311183586";"0.979233368415222";"1.03598581935324";"0.993375665931228";"1.00595743753948";"1.01624582250279";"1.00987004353327";"0.991496859605586";"0.974056128121461";"1.01812445493254";"0.998057733331151";"1.00996175492385";"0.993193754507868";"306717";"FALSE";"TIME_LIMIT";"0.0301270484924316"
"Dim.  3";"1";"1";"0";"1";"1";"1";"1";"0";"1";"1";"1";"0";"1";"1";"0";"1";"1";"1";"1";"0";"0";"1";"1";"0";"1";"1";"1";"1";"0";"0";"1";"1";"1";"1";"0";"1";"0";"1";"1";"1";"1";"0";"1";"1";"1";"1";"1";"1";"1";"1";"1";"1";"1";"0";"1";"1";"1";"1";"1";"1";"1";"1";"1";"1";"1";"0";"1";"1";"1";"1";"1";"1";"1";"1";"0";"1";"1";"0";"0";"1";"1";"0";"1";"1";"1";"1";"1";"1";"1";"1";"1";"1";"1";"1";"0";"1";"0";"1";"1";"1";"1";"1";"1";"1";"1";"1";"1";"1";"0";"1";"1";"1";"0";"1";"1";"1";"1";"1";"1";"1";"1";"1";"1";"1";"0";"0";"1";"0";"1";"1";"1";"0";"1";"0";"0";"1";"1";"0";"0";"1";"1";"1";"1";"1";"0";"1";"1";"1";"1";"0";"1";"1";"1";"1";"1";"0";"1";"1";"1";"1";"0";"1";"1";"0";"1";"1";"1";"1";"1";"1";"1";"1";"1";"1";"1";"1";"1";"0";"1";"1";"0";"0";"1";"1";"1";"1";"1";"0";"1";"1";"1";"0";"1";"1";"1";"1";"1";"0";"1";"0";"1";"1";"1";"1";"0";"1";"0";"0";"0";"1";"0";"1";"1";"1";"1";"1";"0";"1";"1";"0";"0";"1";"1";"1";"1";"0";"0";"1";"1";"1";"0";"1";"1";"0";"1";"1";"1";"0";"1";"1";"1";"1";"1";"1";"1";"1";"1";"1";"1";"0";"1";"1";"0";"0";"0";"0";"1";"1";"1";"1";"1";"1";"1";"1";"1";"1";"0";"1";"1";"0";"1";"0";"1";"0";"1";"1";"1";"0";"1";"0";"1";"0";"1";"1";"1";"1";"0";"1";"0";"1";"1";"1";"1";"1";"1";"1";"1";"0";"1";"1";"1";"1";"0";"1";"1";"1";"0";"1";"1";"1";"0";"1";"0";"1";"1";"1";"0";"1";"1";"0";"1";"1";"1";"0";"1";"1";"1";"1";"1";"1";"1";"1";"0";"1";"1";"1";"1";"0";"1";"0";"1";"1";"1";"1";"1";"1";"1";"1";"0";"1";"0";"1";"1";"1";"1";"1";"0";"0";"0";"1";"1";"0";"1";"1";"1";"1";"1";"1";"1";"1";"0";"0";"0";"0";"0";"1";"1";"1";"1";"0";"0";"1";"1";"1";"0";"0";"1";"1";"1";"1";"1";"1";"1";"0";"1";"1";"1";"1";"0";"0";"0";"1";"1";"0";"1";"0";"1";"1";"0";"0";"0";"1";"1";"1";"1";"1";"1";"1";"1";"1";"1";"0";"1";"1";"1";"0";"0";"1";"0";"1";"1";"1";"1";"1";"1";"1";"1";"1";"1";"1";"1";"1";"0";"1";"1";"0";"1";"1";"1";"0";"0";"0";"1";"0";"1";"1";"1";"1";"1";"0";"1";"1";"1";"1";"1";"1";"0";"1";"1";"1";"1";"1";"0";"1";"1";"0";"1";"0";"1";"1";"1";"1";"0";"1";"1";"0";"1";"1";"1";"1";"1";"1";"0";"1";"1";"1";"1";"0";"1";"1";"0.996380567214396";"1.0088391402596";"1.00808180589554";"1.00806105362586";"1.02156404260847";"0.994262418034543";"1.0060118955373";"1.00275688257661";"0.98204272611046";"1.00211433253165";"0.986033719834474";"1.00103517055066";"0.976426393728223";"0.990742774312571";"0.994912342747436";"1.00244287746903";"1.01102396045987";"0.994584365012707";"0.999119259956794";"0.999665448972874";"1.00363235214981";"0.995120782417391";"1.01510087882164";"1.01863567154897";"0.993787998243284";"0.980757993370531";"1.01473862412148";"1.00033280412022";"0.996668806127699";"0.98685480348236";"306287";"FALSE";"TIME_LIMIT";"0.036128044128418"
"Dim.  4";"1";"1";"0";"1";"1";"1";"1";"0";"1";"1";"1";"0";"1";"1";"0";"1";"1";"1";"1";"0";"0";"1";"1";"0";"1";"1";"1";"1";"0";"0";"1";"1";"1";"1";"0";"1";"0";"1";"1";"1";"1";"0";"0";"0";"1";"1";"1";"1";"1";"1";"1";"1";"1";"0";"1";"1";"1";"1";"1";"1";"1";"1";"1";"1";"1";"0";"1";"1";"1";"1";"1";"1";"1";"1";"0";"1";"1";"0";"0";"1";"1";"0";"1";"1";"1";"1";"1";"1";"1";"1";"1";"1";"1";"1";"0";"1";"0";"1";"1";"1";"1";"1";"1";"1";"1";"1";"1";"1";"0";"1";"1";"1";"0";"1";"1";"1";"1";"1";"1";"1";"1";"1";"1";"1";"0";"0";"1";"0";"1";"1";"1";"0";"1";"0";"1";"1";"1";"0";"0";"1";"1";"1";"1";"1";"0";"1";"1";"1";"1";"0";"1";"1";"1";"1";"1";"0";"1";"1";"1";"1";"0";"1";"1";"0";"1";"1";"1";"1";"1";"1";"1";"1";"1";"1";"1";"1";"1";"0";"1";"1";"0";"0";"1";"1";"1";"1";"1";"0";"1";"1";"1";"0";"0";"1";"1";"1";"1";"0";"1";"0";"1";"1";"0";"1";"0";"1";"0";"0";"0";"1";"0";"1";"1";"1";"1";"1";"0";"1";"1";"0";"0";"1";"1";"0";"1";"0";"0";"1";"1";"1";"0";"1";"1";"0";"1";"1";"1";"0";"1";"1";"1";"1";"1";"1";"1";"1";"1";"1";"1";"0";"1";"1";"0";"0";"1";"0";"1";"1";"1";"1";"1";"1";"1";"1";"0";"1";"0";"1";"1";"0";"1";"1";"1";"0";"1";"1";"1";"0";"1";"0";"1";"0";"1";"1";"1";"1";"0";"1";"0";"1";"1";"1";"1";"1";"1";"1";"1";"0";"1";"1";"1";"1";"0";"1";"1";"1";"0";"1";"1";"1";"0";"1";"0";"1";"1";"1";"0";"1";"1";"0";"1";"1";"1";"0";"1";"1";"1";"1";"1";"1";"1";"1";"1";"1";"1";"1";"1";"0";"1";"0";"1";"1";"1";"1";"1";"1";"1";"1";"0";"1";"0";"1";"1";"1";"1";"1";"0";"1";"0";"1";"1";"1";"1";"1";"1";"1";"1";"1";"1";"1";"0";"0";"0";"0";"0";"1";"1";"1";"1";"0";"0";"1";"1";"1";"0";"0";"1";"1";"1";"1";"1";"1";"1";"0";"1";"1";"1";"1";"0";"0";"0";"1";"1";"0";"1";"0";"1";"1";"0";"0";"0";"1";"1";"1";"1";"1";"1";"1";"1";"1";"1";"0";"1";"1";"1";"0";"0";"1";"0";"1";"1";"1";"1";"1";"1";"1";"1";"1";"1";"1";"1";"1";"0";"1";"1";"0";"1";"1";"1";"0";"0";"0";"1";"0";"1";"1";"1";"1";"1";"0";"1";"1";"1";"1";"1";"1";"0";"1";"1";"1";"1";"1";"0";"1";"1";"0";"1";"0";"1";"1";"1";"1";"0";"1";"0";"0";"1";"1";"1";"1";"1";"1";"0";"1";"1";"1";"1";"0";"1";"1";"0.99802318929237";"1.01062063166745";"1.00477635271194";"1.01054591902452";"0.999821382177189";"0.994037414820212";"1.01270781118907";"0.999812906172445";"0.9877932977194";"0.999296984433227";"0.990289670996026";"0.99691973641023";"0.983188153310105";"0.993636343670386";"0.998226645783863";"1.00076895714764";"1.02071559041582";"0.987003566792832";"1.00188334348862";"0.999195998338037";"1.00136684066082";"0.991368794789693";"1.0139043611008";"1.01768137076194";"0.999703686457942";"0.981544014603447";"1.01508746729595";"1.0077799782859";"0.990579298857952";"0.98875953636262";"306149";"FALSE";"TIME_LIMIT";"0.0428869724273682"
"Dim.  5";"1";"1";"1";"1";"1";"1";"1";"0";"1";"1";"1";"0";"1";"1";"0";"1";"1";"1";"1";"0";"0";"1";"1";"0";"1";"1";"1";"1";"0";"0";"1";"1";"1";"1";"0";"1";"0";"1";"1";"1";"1";"0";"0";"1";"1";"1";"1";"1";"1";"1";"1";"1";"1";"0";"1";"1";"1";"1";"1";"1";"1";"1";"1";"1";"1";"0";"1";"1";"1";"1";"1";"1";"1";"1";"0";"1";"1";"0";"0";"1";"1";"0";"1";"1";"1";"1";"1";"1";"1";"1";"1";"1";"1";"1";"0";"1";"0";"1";"1";"1";"1";"1";"1";"1";"1";"1";"1";"1";"0";"1";"1";"1";"0";"1";"1";"1";"1";"1";"1";"1";"1";"1";"1";"1";"0";"0";"1";"0";"1";"1";"1";"0";"1";"0";"0";"1";"1";"0";"0";"1";"1";"1";"1";"1";"0";"1";"1";"1";"1";"0";"1";"1";"1";"1";"1";"0";"1";"1";"1";"1";"0";"1";"1";"0";"1";"1";"1";"1";"0";"1";"1";"1";"1";"1";"1";"1";"1";"0";"1";"1";"0";"0";"1";"1";"1";"1";"1";"0";"1";"1";"1";"0";"1";"1";"1";"0";"1";"0";"1";"0";"1";"1";"0";"1";"0";"1";"0";"0";"0";"1";"0";"1";"1";"1";"1";"0";"0";"1";"1";"0";"0";"1";"1";"1";"1";"0";"0";"1";"1";"1";"0";"1";"1";"0";"1";"1";"1";"0";"1";"1";"1";"1";"1";"1";"1";"1";"1";"1";"1";"0";"1";"1";"0";"0";"0";"1";"1";"1";"1";"1";"1";"1";"1";"1";"0";"1";"0";"1";"1";"0";"1";"1";"1";"0";"1";"1";"1";"0";"1";"0";"1";"0";"1";"1";"1";"1";"0";"1";"0";"1";"1";"1";"1";"1";"1";"1";"1";"0";"1";"1";"1";"1";"0";"1";"1";"1";"0";"1";"1";"1";"0";"1";"0";"1";"1";"1";"0";"1";"1";"0";"1";"1";"1";"0";"1";"1";"1";"1";"1";"1";"1";"1";"0";"1";"1";"1";"1";"0";"1";"1";"1";"1";"1";"1";"1";"1";"1";"1";"0";"1";"0";"1";"1";"1";"1";"1";"0";"1";"0";"1";"1";"1";"1";"1";"1";"1";"1";"1";"1";"1";"0";"0";"0";"0";"0";"1";"1";"1";"1";"0";"0";"1";"1";"1";"0";"0";"1";"1";"1";"1";"1";"1";"1";"0";"1";"1";"1";"1";"0";"0";"0";"1";"1";"0";"1";"0";"1";"1";"0";"0";"0";"1";"1";"1";"1";"1";"1";"1";"1";"1";"1";"0";"1";"1";"1";"0";"0";"1";"0";"1";"1";"1";"1";"1";"1";"1";"1";"1";"1";"1";"1";"1";"0";"1";"1";"0";"1";"1";"1";"0";"0";"0";"1";"0";"1";"1";"1";"1";"1";"1";"1";"1";"1";"1";"1";"1";"0";"1";"1";"1";"1";"1";"0";"1";"1";"0";"1";"0";"1";"1";"1";"1";"0";"1";"0";"0";"1";"1";"1";"1";"1";"1";"0";"1";"1";"1";"1";"0";"1";"0";"0.999966014715628";"1.01010562825162";"1.01260848562481";"1.01156562620755";"0.999843032822378";"0.99585886941242";"1.00522099727995";"0.994178080307274";"0.989888755086126";"1.00543912043767";"0.994781210308518";"0.996268336405181";"0.97520143728223";"0.997743345339541";"0.996690749254787";"1.00091019417476";"0.999672289674439";"0.989234175765442";"1.00252035672741";"0.998046653680331";"0.995388258085347";"1.00036485220763";"1.01300697281017";"1.01412686839227";"0.99657652032658";"0.981078607294484";"1.02098189093521";"1.00844558652634";"0.997883524912344";"0.990034437570475";"306104";"FALSE";"TIME_LIMIT";"0.0523269176483154"
"Dim.  6";"1";"1";"1";"1";"1";"1";"1";"0";"1";"1";"1";"0";"1";"1";"0";"1";"1";"1";"1";"0";"0";"1";"1";"0";"1";"1";"1";"1";"1";"0";"1";"1";"1";"1";"0";"1";"0";"1";"1";"1";"1";"0";"1";"0";"1";"1";"1";"1";"1";"1";"1";"1";"1";"0";"1";"1";"1";"1";"1";"1";"1";"1";"1";"1";"1";"0";"1";"1";"1";"1";"1";"1";"1";"1";"0";"1";"1";"0";"0";"1";"1";"0";"1";"1";"1";"1";"1";"1";"1";"0";"1";"1";"1";"1";"0";"1";"0";"1";"1";"1";"1";"1";"1";"1";"1";"1";"1";"1";"0";"1";"1";"1";"0";"1";"1";"1";"1";"1";"1";"1";"1";"1";"1";"1";"0";"0";"1";"0";"1";"1";"1";"0";"1";"0";"0";"1";"1";"0";"0";"1";"1";"1";"1";"1";"0";"1";"1";"1";"1";"0";"1";"1";"1";"1";"1";"0";"1";"1";"1";"1";"0";"1";"1";"0";"1";"1";"1";"1";"1";"1";"1";"1";"1";"1";"1";"1";"1";"0";"1";"1";"0";"0";"1";"1";"1";"1";"1";"0";"1";"1";"1";"1";"1";"1";"1";"1";"1";"0";"1";"0";"1";"1";"0";"1";"0";"0";"0";"0";"0";"1";"0";"1";"1";"1";"1";"1";"0";"1";"1";"0";"0";"1";"1";"1";"1";"0";"0";"1";"1";"1";"0";"0";"1";"0";"1";"1";"1";"0";"1";"1";"1";"1";"1";"1";"1";"1";"1";"1";"1";"0";"1";"1";"0";"0";"0";"0";"1";"1";"1";"1";"1";"1";"1";"1";"0";"1";"0";"1";"1";"0";"1";"1";"1";"0";"0";"1";"1";"0";"1";"1";"1";"0";"1";"1";"1";"1";"0";"1";"0";"1";"1";"1";"1";"1";"1";"1";"1";"0";"1";"1";"1";"1";"0";"1";"1";"1";"0";"1";"1";"1";"0";"1";"0";"1";"1";"1";"0";"1";"1";"0";"1";"1";"1";"0";"1";"1";"1";"1";"1";"1";"1";"1";"0";"1";"1";"1";"1";"0";"1";"1";"1";"1";"1";"1";"1";"1";"1";"1";"0";"1";"0";"1";"1";"1";"1";"1";"0";"1";"0";"1";"1";"1";"1";"1";"1";"1";"1";"1";"1";"1";"0";"0";"0";"0";"0";"1";"1";"1";"1";"0";"0";"1";"1";"1";"0";"0";"1";"1";"1";"1";"1";"1";"0";"0";"1";"1";"1";"1";"0";"0";"0";"1";"1";"0";"1";"0";"1";"1";"0";"1";"0";"1";"1";"1";"0";"1";"1";"1";"1";"1";"1";"0";"1";"1";"1";"0";"0";"1";"0";"1";"1";"1";"1";"1";"1";"1";"1";"1";"1";"1";"1";"1";"0";"1";"1";"0";"1";"1";"1";"0";"0";"0";"1";"0";"1";"1";"1";"1";"1";"1";"1";"1";"1";"1";"1";"1";"0";"1";"1";"1";"1";"1";"0";"1";"1";"0";"1";"0";"1";"1";"0";"1";"0";"1";"0";"0";"1";"1";"1";"1";"1";"1";"0";"1";"1";"1";"1";"0";"1";"1";"0.999235331101633";"1.00878658889064";"1.01500208965431";"1.00670323300846";"0.999956698709622";"0.99767496678524";"1.00929839843103";"1.00496899194946";"0.985289358790046";"1.00267463065254";"0.999498094808866";"1.0027015426566";"0.979643945993031";"0.988008433629096";"1.00009599353307";"1.00982381988617";"0.998957773718706";"0.987532586524722";"1.00002769622777";"0.999104266604793";"0.985771942097616";"0.99469058354571";"1.02007261624789";"1.01790118161738";"0.992322304472747";"0.980427037061935";"0.998866259682963";"1.00629599925801";"0.996568021599716";"0.998110504982781";"305942";"FALSE";"TIME_LIMIT";"0.0634810924530029"
"Dim.  7";"1";"1";"1";"1";"1";"1";"1";"0";"1";"1";"1";"0";"1";"1";"0";"1";"1";"1";"1";"0";"0";"1";"1";"0";"1";"1";"1";"1";"1";"0";"1";"1";"1";"1";"0";"1";"0";"1";"1";"1";"1";"1";"0";"0";"1";"1";"1";"1";"1";"1";"1";"1";"1";"0";"1";"1";"1";"1";"1";"1";"1";"1";"1";"1";"1";"0";"1";"1";"1";"1";"1";"1";"1";"1";"0";"1";"1";"0";"0";"1";"1";"0";"1";"1";"1";"1";"1";"1";"1";"1";"1";"1";"1";"1";"0";"1";"0";"1";"1";"1";"1";"1";"1";"1";"1";"1";"1";"1";"0";"1";"1";"1";"0";"1";"1";"1";"1";"1";"1";"1";"1";"1";"1";"1";"0";"0";"1";"0";"1";"1";"1";"0";"1";"0";"0";"1";"1";"0";"0";"1";"1";"1";"1";"1";"0";"1";"1";"1";"1";"0";"1";"1";"1";"1";"1";"0";"1";"1";"1";"1";"0";"1";"1";"0";"1";"1";"1";"1";"1";"1";"0";"1";"1";"1";"1";"1";"1";"0";"0";"1";"0";"0";"1";"1";"1";"1";"1";"0";"1";"1";"1";"1";"1";"1";"1";"0";"1";"0";"1";"0";"1";"1";"0";"1";"0";"0";"0";"0";"0";"1";"0";"1";"1";"1";"1";"0";"0";"1";"1";"0";"0";"1";"1";"0";"1";"0";"0";"1";"1";"1";"0";"1";"1";"0";"1";"1";"1";"0";"1";"1";"1";"1";"1";"1";"1";"1";"1";"1";"1";"0";"1";"1";"0";"1";"1";"0";"1";"1";"1";"1";"1";"1";"1";"1";"0";"1";"0";"1";"1";"1";"1";"1";"1";"0";"1";"1";"1";"0";"1";"0";"1";"0";"1";"1";"1";"1";"0";"1";"0";"1";"1";"1";"1";"1";"1";"1";"1";"0";"1";"1";"1";"1";"0";"1";"1";"1";"0";"1";"1";"1";"0";"1";"0";"1";"1";"1";"0";"1";"1";"0";"1";"1";"1";"0";"1";"1";"1";"1";"1";"1";"1";"1";"0";"1";"1";"1";"1";"0";"1";"1";"1";"1";"1";"1";"1";"1";"1";"1";"0";"1";"0";"1";"1";"1";"1";"1";"0";"0";"0";"1";"1";"1";"1";"1";"1";"1";"1";"1";"1";"1";"0";"0";"0";"0";"0";"1";"1";"1";"1";"0";"0";"1";"1";"1";"0";"0";"1";"1";"1";"1";"1";"1";"1";"0";"1";"1";"1";"1";"0";"0";"1";"1";"1";"0";"1";"0";"1";"1";"0";"1";"0";"1";"1";"1";"0";"1";"1";"1";"1";"1";"1";"0";"1";"1";"1";"0";"0";"1";"0";"1";"1";"1";"1";"1";"1";"1";"1";"1";"1";"1";"1";"1";"0";"1";"1";"0";"1";"1";"1";"0";"0";"0";"1";"0";"1";"1";"1";"1";"1";"0";"1";"1";"1";"1";"1";"1";"0";"1";"1";"1";"1";"1";"0";"1";"1";"0";"1";"0";"1";"1";"0";"1";"0";"1";"0";"0";"1";"1";"1";"1";"1";"1";"0";"1";"1";"1";"1";"0";"1";"1";"0.997609701665845";"1.00615376530559";"1.00826634679577";"1.01311665450174";"0.998576470078808";"0.994578493978485";"1.00476676517269";"0.999911955845857";"0.981947236914001";"0.998757829637656";"0.994263940672758";"1.00708460625647";"0.984375";"0.992796275147149";"0.999585712120447";"1.01044107800469";"0.999006124422478";"0.99249555514349";"0.998022489336952";"0.999465797553461";"1.00243233062476";"0.998475244505435";"0.999690555761852";"1.00824558769917";"0.996036806374974";"0.971837686615403";"0.999004770943416";"1.01161540937635";"1.00274240005092";"1.00004571358913";"305732";"FALSE";"TIME_LIMIT";"0.0795111656188965"
"Dim.  8";"1";"1";"1";"1";"1";"1";"1";"0";"1";"1";"1";"0";"1";"1";"0";"1";"1";"1";"1";"0";"0";"1";"1";"0";"1";"1";"1";"1";"1";"0";"1";"1";"1";"1";"1";"1";"0";"1";"1";"1";"1";"0";"1";"0";"1";"1";"1";"1";"1";"1";"1";"1";"1";"0";"1";"1";"1";"1";"1";"1";"1";"1";"1";"1";"1";"0";"1";"1";"1";"1";"1";"1";"1";"1";"0";"1";"1";"0";"0";"1";"1";"0";"1";"1";"1";"1";"1";"1";"1";"1";"1";"1";"1";"1";"0";"1";"0";"1";"1";"1";"1";"1";"1";"1";"1";"1";"1";"1";"0";"1";"1";"1";"0";"1";"1";"1";"1";"1";"1";"1";"1";"1";"1";"1";"0";"0";"1";"0";"1";"1";"1";"0";"1";"0";"0";"1";"1";"0";"0";"1";"1";"1";"1";"1";"0";"1";"1";"1";"1";"0";"1";"1";"1";"1";"1";"0";"1";"1";"1";"1";"0";"1";"1";"0";"1";"1";"1";"1";"1";"1";"0";"1";"1";"1";"1";"1";"1";"0";"0";"1";"0";"0";"1";"1";"1";"1";"1";"0";"1";"1";"1";"0";"1";"1";"1";"0";"1";"0";"1";"0";"1";"1";"0";"1";"0";"1";"0";"0";"0";"1";"0";"1";"1";"1";"1";"0";"0";"1";"1";"0";"0";"1";"1";"0";"1";"0";"0";"1";"1";"1";"0";"0";"1";"0";"1";"1";"1";"0";"1";"1";"1";"1";"1";"1";"1";"1";"1";"1";"1";"0";"1";"1";"0";"1";"1";"1";"1";"1";"1";"1";"1";"1";"1";"1";"0";"1";"0";"1";"1";"0";"1";"1";"1";"0";"1";"1";"1";"0";"1";"1";"1";"0";"1";"1";"1";"1";"0";"1";"0";"1";"1";"1";"1";"1";"1";"1";"1";"0";"1";"1";"1";"1";"0";"1";"1";"1";"0";"1";"1";"1";"0";"1";"0";"1";"1";"1";"0";"1";"1";"0";"1";"1";"1";"0";"1";"1";"1";"1";"1";"1";"1";"1";"0";"1";"1";"1";"1";"0";"1";"1";"1";"1";"1";"1";"1";"1";"1";"1";"0";"1";"0";"1";"1";"1";"1";"1";"0";"1";"0";"1";"1";"1";"1";"1";"1";"1";"1";"1";"1";"1";"0";"0";"0";"0";"0";"1";"1";"1";"1";"0";"0";"1";"1";"1";"0";"0";"1";"1";"1";"1";"1";"1";"0";"0";"1";"1";"1";"1";"0";"0";"0";"1";"1";"0";"1";"1";"1";"1";"0";"0";"0";"1";"1";"1";"0";"1";"1";"1";"1";"1";"1";"0";"1";"1";"1";"0";"0";"1";"0";"1";"1";"1";"1";"1";"1";"1";"1";"1";"1";"1";"1";"1";"0";"1";"0";"0";"1";"1";"1";"0";"0";"0";"1";"0";"1";"1";"1";"1";"1";"1";"1";"1";"1";"1";"1";"1";"0";"1";"1";"1";"1";"1";"0";"1";"1";"0";"1";"0";"1";"1";"0";"1";"0";"1";"0";"0";"1";"1";"1";"1";"1";"1";"0";"1";"1";"1";"1";"0";"1";"1";"0.995706525741021";"1.01099374638709";"1.01488810851005";"0.996189515263406";"0.99977808088681";"0.99199631423306";"1.00742803093053";"1.00075387806985";"0.988965692853695";"0.991944393054418";"0.997249764411849";"1.00110081551241";"0.977406358885017";"0.983429236580866";"0.997792148739453";"1.00848468362906";"0.999226388739658";"0.985754643920636";"0.998050185564726";"0.999498173459312";"0.99727708120325";"1.00482476202923";"0.996745678095474";"1.01772962192533";"1.00680462884083";"0.98711338873404";"0.999353614117888";"1.01018598840096";"1.00142159228945";"0.997912412763234";"305687";"FALSE";"TIME_LIMIT";"0.0955450534820557"
"Dim.  9";"1";"1";"1";"1";"1";"1";"1";"0";"1";"1";"1";"0";"1";"1";"0";"1";"1";"1";"1";"0";"0";"1";"1";"0";"1";"1";"1";"1";"1";"0";"1";"1";"1";"1";"0";"1";"0";"1";"1";"1";"1";"0";"1";"0";"1";"1";"1";"1";"1";"1";"1";"1";"1";"0";"1";"1";"1";"1";"1";"1";"1";"1";"1";"1";"1";"0";"1";"1";"1";"1";"1";"1";"1";"1";"0";"1";"1";"0";"0";"1";"1";"0";"1";"1";"1";"1";"1";"1";"1";"0";"1";"1";"1";"1";"0";"1";"0";"1";"1";"1";"1";"1";"1";"1";"1";"1";"1";"1";"0";"1";"1";"1";"0";"1";"1";"1";"1";"1";"1";"1";"1";"1";"1";"1";"0";"0";"1";"0";"1";"1";"1";"0";"1";"0";"0";"1";"1";"0";"0";"1";"1";"1";"1";"1";"0";"1";"1";"1";"1";"0";"1";"1";"1";"1";"1";"0";"1";"1";"1";"1";"0";"1";"1";"0";"0";"1";"1";"1";"1";"1";"1";"1";"1";"1";"1";"1";"1";"0";"0";"1";"0";"0";"1";"1";"1";"1";"1";"0";"1";"1";"1";"1";"1";"1";"1";"0";"1";"0";"1";"0";"1";"1";"0";"1";"0";"0";"0";"0";"0";"1";"0";"1";"1";"1";"1";"0";"0";"1";"1";"0";"0";"1";"1";"0";"1";"0";"0";"1";"1";"1";"0";"1";"1";"0";"1";"1";"1";"1";"1";"1";"1";"1";"1";"1";"1";"1";"1";"1";"1";"0";"1";"1";"0";"0";"1";"1";"1";"1";"1";"1";"1";"1";"1";"1";"0";"1";"0";"1";"1";"0";"1";"1";"1";"0";"1";"1";"1";"0";"1";"0";"1";"0";"1";"1";"1";"1";"0";"1";"1";"1";"1";"1";"1";"1";"1";"1";"1";"0";"1";"1";"1";"1";"0";"1";"1";"1";"0";"1";"1";"1";"0";"0";"0";"1";"1";"1";"0";"1";"1";"0";"1";"1";"1";"0";"1";"1";"1";"1";"1";"1";"1";"1";"0";"1";"1";"1";"1";"0";"1";"1";"1";"1";"1";"1";"1";"1";"1";"1";"0";"1";"0";"1";"1";"1";"1";"1";"0";"1";"0";"1";"1";"1";"1";"1";"1";"1";"1";"1";"1";"1";"0";"0";"0";"0";"0";"1";"1";"1";"1";"0";"0";"1";"1";"1";"0";"0";"1";"1";"1";"1";"1";"1";"0";"0";"1";"1";"1";"1";"1";"0";"1";"0";"1";"0";"1";"1";"1";"1";"0";"1";"0";"1";"1";"1";"1";"1";"1";"1";"1";"1";"1";"0";"1";"1";"1";"0";"0";"1";"0";"1";"1";"1";"1";"1";"1";"1";"1";"1";"1";"1";"1";"1";"0";"1";"0";"0";"1";"1";"1";"0";"0";"0";"1";"0";"1";"1";"1";"1";"1";"0";"1";"1";"1";"1";"1";"1";"0";"1";"1";"1";"1";"1";"0";"1";"1";"0";"1";"0";"1";"1";"0";"1";"0";"1";"0";"0";"1";"1";"1";"1";"1";"1";"0";"1";"1";"1";"1";"0";"1";"1";"0.99756438795335";"1.00378895370224";"1.00422273001124";"0.998615344983041";"0.999512860483242";"1.00073929627566";"1.00386898877245";"1.00299350124087";"0.994610165355459";"1.00254777070064";"0.992445814725284";"1.00679677834726";"0.977869120209059";"0.995536106474567";"0.997721416662456";"1.00688399732173";"0.998592457290212";"0.983382235844632";"1.00088627928876";"0.998359620770223";"0.997793682397891";"1.01092922956283";"0.998127862359203";"0.99865432866548";"1.00710623369614";"0.982030106681698";"0.999979479813266";"1.00764903895991";"1.00152237681744";"1.00228567945631";"305651";"FALSE";"TIME_LIMIT";"0.12034010887146"
"Dim.  10";"0";"1";"1";"1";"1";"1";"1";"0";"1";"1";"1";"0";"1";"1";"0";"1";"1";"1";"1";"0";"0";"1";"1";"0";"1";"1";"1";"1";"1";"0";"0";"1";"1";"1";"0";"1";"0";"1";"1";"1";"1";"1";"1";"0";"1";"1";"1";"1";"1";"1";"1";"1";"1";"0";"1";"1";"1";"1";"1";"1";"1";"1";"1";"1";"1";"0";"1";"1";"1";"1";"1";"1";"1";"1";"0";"1";"1";"0";"0";"1";"1";"0";"1";"1";"1";"1";"1";"1";"1";"1";"1";"1";"1";"1";"0";"1";"0";"1";"1";"1";"1";"1";"1";"1";"1";"1";"1";"1";"0";"1";"1";"1";"0";"1";"1";"1";"1";"1";"1";"1";"1";"1";"1";"1";"0";"0";"1";"0";"1";"1";"1";"0";"1";"0";"0";"1";"1";"0";"0";"1";"1";"1";"1";"1";"0";"1";"1";"1";"1";"0";"1";"1";"1";"1";"1";"0";"1";"1";"1";"1";"0";"1";"1";"0";"1";"1";"1";"1";"1";"1";"0";"1";"1";"1";"1";"1";"1";"0";"1";"1";"0";"0";"1";"1";"1";"1";"1";"0";"1";"1";"1";"1";"1";"1";"1";"1";"1";"0";"1";"0";"1";"1";"1";"1";"0";"0";"0";"0";"0";"1";"0";"1";"1";"1";"1";"0";"0";"1";"1";"0";"0";"1";"1";"0";"1";"0";"0";"1";"1";"1";"0";"1";"1";"0";"1";"1";"1";"0";"1";"1";"1";"1";"1";"1";"1";"1";"1";"1";"0";"0";"1";"1";"0";"0";"0";"1";"1";"1";"1";"1";"1";"1";"1";"1";"0";"1";"0";"1";"1";"0";"1";"1";"1";"0";"1";"1";"1";"0";"1";"1";"1";"0";"1";"1";"1";"1";"0";"1";"0";"1";"1";"1";"1";"1";"1";"1";"1";"0";"1";"1";"1";"1";"0";"1";"1";"1";"0";"1";"1";"1";"0";"0";"0";"1";"1";"1";"0";"1";"1";"0";"1";"1";"1";"0";"1";"1";"1";"1";"1";"1";"1";"1";"0";"1";"1";"1";"1";"0";"1";"1";"1";"1";"1";"1";"1";"1";"1";"1";"0";"1";"0";"1";"1";"1";"1";"1";"0";"1";"0";"1";"1";"0";"1";"1";"1";"1";"1";"1";"1";"1";"0";"0";"0";"0";"0";"1";"1";"1";"1";"0";"0";"1";"1";"1";"0";"0";"1";"1";"1";"1";"1";"1";"1";"0";"1";"1";"1";"1";"0";"0";"1";"1";"1";"0";"1";"1";"1";"1";"0";"0";"0";"1";"1";"1";"1";"1";"1";"1";"1";"1";"1";"0";"1";"1";"1";"0";"0";"1";"0";"1";"1";"1";"1";"1";"1";"1";"1";"1";"1";"1";"1";"1";"0";"1";"0";"1";"1";"1";"1";"0";"0";"0";"1";"0";"1";"1";"1";"1";"1";"1";"1";"1";"1";"1";"1";"1";"0";"1";"1";"1";"1";"1";"0";"1";"1";"0";"1";"0";"1";"1";"0";"1";"0";"1";"0";"0";"1";"1";"1";"1";"1";"1";"0";"1";"1";"1";"0";"0";"1";"1";"0.998306399995469";"1.01028955804299";"1.01248907680701";"0.993699282984844";"0.999161037498917";"0.999078558265118";"1.01765092529752";"1.00719760960121";"0.989220330710917";"0.994809313634802";"0.998924488876142";"0.995137223218118";"0.980329921602787";"1.001246376175";"0.998651038245844";"1.00847422162705";"0.998925539916192";"0.989735926438988";"0.991297845233479";"0.997480075327941";"1.0124630038207";"0.995398505739615";"0.998251640054462";"0.997437327099998";"0.998894115530534";"0.978891192942357";"0.999369004257939";"1.00944399888702";"1.00382450761454";"0.994565162181656";"305542";"FALSE";"TIME_LIMIT";"0.153178930282593"
"Dim.  11";"1";"1";"1";"1";"1";"1";"1";"0";"1";"1";"1";"0";"1";"1";"0";"1";"1";"1";"1";"0";"0";"1";"1";"0";"1";"1";"1";"1";"1";"0";"1";"1";"1";"1";"0";"1";"0";"1";"1";"1";"1";"0";"1";"0";"1";"1";"1";"1";"1";"1";"1";"1";"1";"0";"1";"1";"1";"1";"1";"1";"1";"1";"1";"1";"1";"0";"1";"1";"1";"1";"1";"1";"1";"1";"0";"1";"1";"0";"0";"1";"1";"0";"1";"1";"1";"1";"1";"1";"1";"0";"1";"1";"1";"1";"0";"1";"0";"1";"1";"1";"1";"1";"1";"1";"1";"1";"1";"1";"0";"1";"1";"1";"0";"1";"1";"1";"1";"1";"1";"1";"1";"1";"1";"1";"0";"0";"1";"0";"1";"1";"1";"0";"1";"0";"0";"1";"1";"0";"0";"1";"1";"1";"1";"1";"0";"1";"1";"1";"1";"0";"1";"1";"1";"1";"1";"0";"1";"1";"1";"1";"0";"1";"1";"0";"0";"1";"1";"1";"1";"1";"1";"1";"1";"1";"1";"1";"1";"0";"1";"1";"0";"0";"1";"1";"1";"1";"1";"0";"1";"1";"1";"1";"1";"1";"1";"0";"1";"0";"1";"0";"1";"1";"1";"1";"0";"0";"0";"0";"0";"1";"0";"1";"1";"1";"1";"0";"0";"1";"1";"0";"0";"1";"1";"0";"1";"0";"0";"1";"1";"1";"0";"0";"1";"0";"1";"1";"1";"0";"1";"1";"1";"1";"1";"1";"1";"1";"1";"1";"1";"0";"1";"1";"0";"1";"1";"1";"1";"1";"1";"1";"1";"1";"1";"1";"0";"1";"0";"1";"1";"1";"1";"1";"1";"0";"1";"1";"1";"0";"1";"0";"1";"0";"1";"1";"1";"0";"0";"1";"1";"1";"1";"1";"1";"1";"1";"1";"1";"0";"1";"1";"1";"1";"0";"1";"1";"1";"0";"1";"1";"1";"0";"0";"0";"1";"1";"1";"0";"1";"1";"0";"1";"1";"1";"0";"1";"1";"1";"1";"1";"1";"1";"1";"0";"1";"1";"1";"1";"0";"1";"1";"1";"1";"1";"1";"1";"1";"1";"1";"0";"1";"0";"1";"1";"1";"1";"1";"0";"1";"0";"1";"1";"0";"1";"1";"1";"1";"1";"1";"1";"1";"0";"0";"0";"0";"0";"1";"1";"1";"1";"0";"0";"1";"1";"1";"0";"0";"1";"1";"1";"1";"1";"1";"1";"0";"1";"1";"1";"1";"0";"0";"0";"1";"1";"0";"1";"0";"1";"1";"0";"0";"0";"1";"1";"1";"1";"1";"1";"1";"1";"1";"1";"0";"1";"1";"1";"0";"0";"1";"0";"1";"1";"1";"1";"1";"1";"1";"1";"1";"1";"1";"1";"1";"0";"1";"0";"1";"1";"1";"1";"0";"0";"0";"1";"0";"1";"1";"1";"1";"1";"0";"1";"1";"1";"1";"1";"1";"0";"1";"1";"1";"1";"1";"0";"1";"1";"0";"1";"0";"1";"1";"0";"1";"0";"1";"0";"0";"1";"1";"1";"1";"1";"1";"0";"1";"1";"1";"1";"1";"1";"1";"0.994754937778609";"1.01087287823848";"0.998979597375177";"0.997901549954918";"0.999534511128432";"1.00047143530622";"0.997552490527925";"1.00223412041139";"0.983681957316329";"0.998123529878162";"0.999851477035277";"1.01016486984624";"0.980509581881533";"0.98779429851533";"1.00176830192492";"1.0058901071309";"0.997738261523584";"0.990401291462603";"1.00638675012463";"0.999800348580586";"0.994941613302481";"0.999765841120478";"0.999231546808598";"0.999678325577406";"1.00685225066009";"0.991053837283262";"0.998922690196481";"1.00662880337823";"1.00585611152073";"0.99883176383344";"305594";"FALSE";"TIME_LIMIT";"0.197069883346558"
"Dim.  12";"0";"1";"1";"1";"1";"1";"1";"0";"1";"1";"1";"0";"1";"1";"0";"1";"1";"1";"1";"0";"0";"1";"1";"0";"1";"1";"1";"1";"1";"0";"1";"1";"1";"1";"0";"1";"0";"1";"1";"1";"1";"0";"1";"0";"1";"1";"1";"1";"1";"1";"1";"1";"1";"0";"1";"1";"1";"1";"1";"1";"1";"1";"1";"1";"1";"0";"1";"1";"1";"1";"1";"1";"1";"1";"0";"1";"1";"0";"0";"1";"1";"0";"1";"1";"1";"1";"1";"1";"1";"1";"1";"1";"1";"1";"0";"1";"0";"1";"1";"1";"1";"1";"1";"1";"1";"1";"1";"1";"0";"1";"1";"1";"0";"1";"1";"1";"1";"1";"1";"1";"1";"1";"1";"1";"0";"0";"1";"0";"1";"1";"1";"0";"1";"0";"0";"1";"1";"0";"0";"1";"1";"1";"1";"1";"0";"1";"1";"1";"1";"0";"1";"1";"1";"1";"1";"0";"1";"1";"1";"1";"0";"1";"1";"0";"1";"1";"1";"1";"1";"1";"0";"1";"1";"1";"1";"1";"1";"0";"1";"1";"0";"0";"1";"1";"1";"1";"1";"0";"1";"1";"1";"0";"1";"1";"1";"0";"1";"0";"1";"0";"1";"1";"1";"1";"0";"0";"0";"0";"0";"1";"0";"1";"1";"1";"1";"0";"0";"1";"1";"0";"0";"1";"1";"0";"1";"0";"0";"1";"1";"1";"0";"1";"1";"0";"1";"1";"1";"0";"1";"1";"1";"1";"1";"1";"1";"1";"1";"1";"0";"0";"1";"1";"0";"0";"1";"1";"1";"1";"1";"1";"1";"1";"1";"1";"0";"1";"0";"1";"1";"1";"1";"1";"1";"0";"1";"1";"1";"1";"1";"0";"1";"0";"1";"1";"1";"1";"0";"1";"0";"1";"1";"1";"1";"1";"1";"1";"1";"0";"1";"1";"1";"1";"1";"1";"1";"1";"0";"1";"1";"1";"0";"0";"0";"1";"1";"1";"0";"1";"1";"0";"1";"1";"1";"0";"1";"1";"1";"1";"1";"1";"1";"1";"0";"1";"1";"1";"1";"0";"1";"1";"1";"1";"1";"1";"1";"1";"1";"1";"0";"1";"0";"1";"1";"1";"1";"1";"0";"1";"0";"1";"1";"1";"1";"1";"1";"1";"1";"1";"1";"1";"1";"0";"0";"0";"0";"1";"1";"1";"1";"0";"0";"1";"1";"1";"0";"0";"1";"1";"1";"1";"1";"1";"0";"0";"1";"1";"1";"1";"1";"0";"0";"0";"1";"0";"1";"1";"1";"1";"0";"1";"0";"1";"1";"1";"0";"1";"1";"1";"1";"1";"1";"0";"1";"1";"1";"0";"0";"1";"0";"1";"1";"1";"1";"1";"1";"1";"1";"0";"1";"1";"1";"1";"0";"1";"0";"1";"1";"1";"1";"0";"0";"0";"1";"0";"1";"1";"1";"1";"1";"0";"1";"1";"1";"1";"1";"1";"0";"1";"1";"1";"1";"1";"0";"1";"1";"0";"1";"0";"1";"1";"0";"1";"0";"1";"0";"0";"1";"1";"1";"1";"1";"1";"0";"1";"1";"1";"1";"0";"1";"1";"0.998391363206398";"0.999894897262074";"1.01359632220841";"0.995727963591087";"0.998603533385295";"1.00068036686238";"0.999903809671403";"0.996813902171939";"0.995119441069903";"1.00072415889209";"0.992835047322489";"1.01364910243139";"0.980182926829268";"0.997968461741193";"0.989865103824584";"1.01002782892534";"0.997754378424841";"0.990510367695983";"0.997379936852601";"0.999703220863034";"1.00227089275144";"0.998045045633754";"0.997833890332962";"0.997115652677403";"1.00282556127605";"0.99244488801783";"0.999245883137537";"1.01594186293926";"1.00482704844553";"1.00083808246731";"305496";"FALSE";"TIME_LIMIT";"0.256221055984497"
"Dim.  13";"1";"1";"1";"1";"1";"1";"1";"0";"1";"1";"1";"1";"1";"1";"0";"1";"1";"1";"1";"0";"0";"1";"1";"0";"1";"1";"1";"1";"1";"0";"0";"1";"1";"1";"0";"1";"0";"1";"1";"1";"1";"0";"1";"0";"1";"1";"1";"1";"1";"1";"1";"1";"1";"0";"1";"1";"1";"1";"1";"1";"1";"1";"1";"1";"1";"0";"1";"1";"1";"1";"1";"1";"1";"1";"0";"1";"1";"0";"0";"1";"1";"0";"1";"1";"1";"1";"1";"1";"1";"1";"1";"1";"1";"1";"0";"1";"0";"1";"1";"1";"1";"1";"1";"1";"1";"1";"1";"1";"0";"1";"1";"1";"0";"1";"1";"1";"1";"1";"1";"1";"1";"1";"1";"1";"0";"0";"1";"0";"1";"1";"1";"0";"1";"0";"0";"1";"1";"0";"0";"1";"1";"1";"1";"1";"0";"1";"1";"1";"1";"0";"1";"1";"1";"1";"1";"0";"1";"1";"1";"1";"0";"1";"1";"0";"0";"1";"1";"1";"1";"1";"1";"1";"1";"1";"1";"1";"1";"0";"1";"1";"0";"0";"1";"1";"1";"1";"1";"0";"1";"1";"1";"1";"1";"1";"1";"0";"1";"0";"1";"0";"1";"1";"1";"1";"0";"0";"0";"0";"0";"1";"0";"1";"1";"1";"1";"0";"0";"1";"1";"0";"0";"1";"1";"0";"1";"0";"0";"1";"1";"1";"0";"0";"1";"0";"1";"1";"1";"0";"1";"1";"1";"1";"1";"1";"1";"1";"1";"1";"0";"0";"1";"1";"0";"1";"1";"1";"1";"1";"1";"1";"1";"1";"1";"1";"0";"1";"0";"1";"1";"0";"1";"1";"1";"0";"1";"1";"1";"0";"1";"0";"1";"0";"1";"1";"1";"0";"0";"1";"1";"1";"1";"1";"1";"1";"1";"1";"1";"0";"1";"1";"1";"1";"0";"1";"1";"1";"0";"1";"1";"1";"0";"1";"0";"1";"1";"1";"0";"1";"1";"0";"1";"1";"1";"0";"1";"1";"1";"1";"1";"1";"1";"1";"0";"1";"1";"1";"1";"0";"1";"1";"1";"1";"1";"1";"1";"1";"1";"1";"0";"1";"0";"1";"1";"1";"1";"1";"0";"1";"0";"1";"1";"1";"1";"1";"1";"1";"1";"1";"1";"1";"0";"0";"0";"0";"0";"1";"1";"1";"1";"0";"0";"1";"1";"1";"0";"0";"1";"1";"1";"1";"1";"1";"0";"0";"1";"1";"1";"1";"0";"0";"0";"0";"1";"0";"1";"0";"1";"1";"0";"1";"0";"1";"1";"1";"1";"1";"1";"1";"1";"1";"1";"0";"1";"1";"1";"0";"0";"1";"0";"1";"1";"1";"1";"1";"1";"1";"1";"1";"1";"1";"1";"1";"0";"1";"1";"1";"1";"1";"1";"0";"0";"0";"1";"0";"1";"1";"1";"1";"1";"0";"1";"1";"1";"1";"1";"1";"0";"1";"1";"1";"1";"1";"0";"1";"1";"0";"1";"0";"1";"1";"0";"1";"0";"1";"0";"0";"1";"1";"1";"1";"1";"1";"0";"1";"1";"1";"1";"0";"1";"1";"0.998651917053249";"0.999847601030007";"0.999028446437004";"0.998497273625005";"0.999139386853728";"1.007784039772";"0.998391483949575";"0.999746873056838";"0.981814613030031";"1.00212490419431";"0.99779264145532";"1.00985179387482";"0.986498257839721";"0.986026311165774";"0.999297731521245";"1.00763203046535";"0.998458149779736";"0.99446438115599";"0.999855979615576";"0.996622113822893";"1.00027444438465";"0.997652965649437";"0.999092296901432";"0.997196071283052";"1.00780997835853";"0.988416529199137";"0.998702098189094";"1.01402687529666";"0.996477845969415";"0.998923191011692";"305454";"FALSE";"TIME_LIMIT";"0.33906102180481"
"Dim.  14";"1";"1";"1";"1";"1";"1";"1";"0";"1";"1";"1";"0";"1";"1";"0";"1";"1";"1";"1";"0";"0";"1";"1";"0";"1";"1";"1";"1";"1";"0";"1";"1";"1";"1";"0";"1";"0";"1";"1";"1";"1";"1";"1";"0";"1";"1";"1";"1";"1";"1";"1";"1";"1";"0";"1";"1";"1";"1";"1";"1";"1";"1";"1";"1";"1";"0";"1";"1";"1";"1";"1";"1";"1";"1";"0";"1";"1";"0";"0";"1";"1";"0";"1";"1";"1";"1";"1";"1";"1";"1";"1";"1";"1";"1";"0";"1";"0";"1";"1";"1";"1";"1";"1";"1";"1";"1";"1";"1";"0";"1";"1";"1";"0";"1";"1";"1";"1";"1";"1";"1";"1";"1";"1";"1";"0";"0";"1";"0";"1";"1";"1";"0";"1";"0";"0";"1";"1";"0";"0";"1";"1";"1";"1";"1";"0";"1";"1";"1";"1";"0";"1";"1";"1";"1";"1";"0";"1";"1";"1";"1";"0";"1";"1";"0";"0";"1";"1";"1";"1";"1";"0";"1";"1";"1";"1";"1";"1";"0";"0";"1";"0";"0";"1";"1";"1";"1";"1";"0";"1";"1";"1";"1";"1";"1";"1";"0";"1";"0";"1";"0";"1";"1";"1";"1";"0";"0";"0";"0";"0";"1";"0";"1";"1";"1";"1";"0";"0";"1";"1";"0";"0";"1";"1";"0";"1";"0";"0";"1";"1";"1";"0";"0";"1";"0";"1";"1";"1";"0";"1";"1";"1";"1";"1";"1";"1";"1";"1";"1";"1";"0";"1";"1";"0";"0";"0";"1";"1";"1";"1";"1";"1";"1";"1";"1";"0";"1";"0";"1";"1";"1";"1";"1";"1";"0";"1";"1";"1";"0";"1";"0";"1";"0";"1";"1";"1";"1";"0";"1";"1";"1";"1";"1";"1";"1";"1";"1";"1";"0";"1";"1";"1";"1";"0";"1";"1";"1";"0";"1";"1";"1";"0";"0";"0";"1";"1";"1";"0";"1";"1";"0";"1";"1";"1";"0";"1";"1";"1";"1";"1";"1";"1";"1";"0";"1";"1";"1";"1";"0";"1";"1";"1";"1";"1";"1";"1";"1";"1";"1";"0";"1";"0";"1";"1";"1";"1";"1";"0";"0";"0";"1";"1";"0";"1";"1";"1";"1";"1";"1";"1";"1";"1";"0";"0";"0";"0";"1";"1";"1";"1";"0";"0";"1";"1";"1";"0";"0";"1";"1";"1";"1";"1";"1";"0";"0";"1";"1";"1";"1";"0";"0";"0";"0";"1";"0";"1";"1";"1";"1";"0";"1";"0";"1";"1";"1";"1";"1";"1";"1";"1";"1";"1";"0";"1";"1";"1";"0";"0";"1";"0";"1";"1";"1";"1";"1";"1";"1";"1";"1";"1";"1";"1";"1";"0";"1";"1";"1";"1";"1";"1";"0";"0";"0";"1";"0";"1";"1";"1";"1";"1";"0";"1";"1";"1";"1";"1";"1";"0";"1";"1";"1";"1";"1";"0";"1";"1";"0";"1";"0";"1";"1";"0";"1";"0";"1";"1";"0";"1";"1";"1";"1";"1";"1";"0";"1";"1";"1";"1";"0";"1";"1";"0.997604037451783";"0.998391928109727";"1.00821749773395";"0.998626078742862";"0.999588637741405";"1.00693224188917";"0.998589208513913";"1.00936019413736";"0.986414009326112";"1.00367893860507";"0.995027041422543";"1.00974575201353";"0.983901350174216";"0.99521764912589";"0.994679937351589";"1.01269040843656";"0.999978510798324";"0.990837596396121";"0.994610314075223";"0.999778764643352";"0.999644836678685";"0.998622274499553";"0.996534224532739";"0.999067144174476";"1.0007672404214";"0.981538843411125";"0.996547478582055";"0.998308700372632";"1.00501800860382";"0.989435081624153";"305441";"FALSE";"TIME_LIMIT";"0.453775882720947"
"Dim.  15";"1";"1";"1";"1";"1";"1";"1";"0";"1";"1";"1";"1";"1";"1";"0";"1";"1";"1";"0";"0";"0";"1";"1";"0";"1";"1";"1";"1";"1";"0";"0";"1";"1";"1";"0";"1";"0";"1";"1";"1";"1";"0";"1";"1";"1";"1";"1";"1";"1";"1";"1";"1";"1";"0";"1";"1";"1";"1";"1";"1";"1";"1";"1";"1";"1";"0";"1";"1";"1";"0";"1";"1";"1";"1";"0";"1";"1";"0";"0";"1";"1";"0";"1";"1";"1";"1";"1";"1";"1";"1";"1";"1";"1";"1";"0";"1";"0";"1";"1";"1";"1";"1";"1";"1";"1";"1";"1";"1";"0";"1";"1";"1";"0";"1";"1";"1";"1";"1";"1";"1";"1";"1";"1";"1";"0";"0";"1";"0";"1";"1";"1";"0";"1";"0";"0";"1";"1";"0";"0";"1";"1";"1";"1";"1";"0";"1";"1";"1";"1";"0";"1";"1";"1";"1";"1";"0";"1";"1";"1";"1";"0";"1";"1";"0";"1";"1";"1";"1";"1";"1";"0";"1";"1";"1";"1";"1";"1";"0";"0";"1";"0";"0";"1";"1";"1";"1";"1";"0";"1";"1";"1";"1";"1";"1";"1";"1";"1";"0";"1";"0";"1";"1";"1";"1";"0";"0";"0";"0";"0";"1";"0";"1";"1";"1";"1";"0";"0";"1";"1";"0";"0";"1";"1";"0";"1";"0";"0";"1";"1";"1";"0";"0";"1";"0";"1";"1";"1";"0";"1";"1";"1";"1";"1";"1";"1";"1";"1";"1";"1";"0";"1";"1";"0";"0";"1";"0";"1";"1";"1";"1";"1";"1";"1";"1";"0";"1";"0";"1";"1";"0";"1";"1";"1";"0";"1";"1";"1";"0";"1";"0";"1";"0";"1";"1";"1";"1";"0";"1";"1";"1";"1";"1";"1";"1";"1";"1";"1";"0";"1";"1";"1";"1";"1";"1";"1";"1";"0";"1";"1";"1";"0";"0";"0";"1";"1";"1";"0";"1";"1";"0";"1";"1";"1";"0";"1";"1";"1";"1";"1";"1";"1";"1";"0";"1";"1";"1";"1";"0";"1";"1";"1";"1";"1";"1";"1";"1";"1";"1";"0";"1";"0";"1";"1";"1";"1";"1";"0";"1";"0";"1";"1";"1";"1";"1";"1";"1";"1";"1";"1";"1";"1";"0";"0";"0";"0";"1";"1";"1";"1";"0";"0";"1";"1";"1";"0";"0";"1";"1";"1";"1";"1";"1";"1";"0";"1";"1";"1";"1";"0";"0";"0";"0";"1";"0";"1";"0";"1";"1";"0";"0";"0";"1";"1";"1";"1";"1";"1";"1";"1";"1";"1";"0";"1";"1";"1";"0";"0";"1";"0";"1";"1";"1";"1";"1";"1";"1";"1";"1";"1";"1";"1";"1";"0";"1";"1";"1";"1";"1";"1";"0";"0";"0";"1";"0";"1";"1";"1";"1";"1";"0";"1";"1";"1";"1";"1";"1";"0";"1";"1";"1";"1";"1";"0";"1";"1";"0";"1";"0";"1";"1";"0";"1";"0";"1";"0";"0";"1";"1";"1";"1";"1";"1";"0";"1";"1";"1";"1";"0";"1";"1";"0.997456767886172";"0.999926428083452";"1.00246959145901";"0.999586750246876";"0.998246297739673";"1.01190909870141";"0.999358731142688";"1.01340472246832";"0.98974021633608";"0.995147606839866";"0.995954029581677";"1.00930643573106";"0.994593858885017";"1.00026355090925";"1.00220785126055";"0.999727987947774";"0.996894810357795";"1.0010907623338";"0.994510607655237";"0.997534035171026";"1.00879836409622";"0.998698512274282";"0.998736436027561";"0.999721215500418";"1.0035557625047";"0.981006210601978";"0.999646026778844";"0.99909433632857";"0.999750690904462";"0.98802303964892";"305458";"FALSE";"TIME_LIMIT";"0.619804859161377"
"Dim.  16";"1";"0";"1";"1";"1";"1";"1";"0";"1";"1";"1";"1";"1";"1";"0";"1";"1";"1";"1";"0";"0";"1";"1";"0";"1";"1";"1";"1";"1";"0";"1";"1";"1";"1";"0";"1";"0";"1";"1";"1";"1";"0";"1";"0";"1";"1";"1";"1";"1";"1";"1";"1";"1";"0";"1";"1";"1";"1";"1";"1";"1";"1";"1";"1";"1";"0";"1";"1";"1";"1";"1";"1";"1";"1";"0";"1";"1";"0";"0";"1";"1";"0";"1";"1";"1";"1";"1";"1";"1";"1";"1";"1";"1";"1";"0";"1";"0";"1";"1";"1";"1";"1";"1";"1";"1";"1";"1";"1";"0";"1";"1";"1";"0";"1";"1";"1";"1";"1";"1";"1";"1";"1";"1";"1";"0";"0";"1";"0";"1";"1";"1";"0";"1";"0";"0";"1";"1";"0";"0";"1";"1";"1";"1";"1";"0";"1";"1";"1";"1";"0";"1";"1";"1";"1";"1";"0";"1";"1";"1";"1";"0";"1";"1";"0";"0";"1";"1";"1";"1";"1";"0";"1";"1";"1";"1";"1";"1";"0";"0";"1";"0";"0";"1";"1";"1";"1";"1";"0";"1";"1";"1";"0";"1";"1";"1";"1";"1";"0";"1";"0";"1";"1";"1";"1";"0";"0";"0";"1";"0";"1";"0";"1";"1";"1";"1";"0";"0";"1";"1";"0";"0";"1";"1";"0";"1";"0";"0";"1";"1";"1";"0";"0";"1";"0";"1";"1";"1";"0";"1";"1";"1";"1";"1";"1";"1";"1";"1";"1";"1";"0";"1";"1";"0";"1";"0";"1";"1";"1";"1";"1";"1";"1";"1";"1";"0";"1";"0";"1";"1";"0";"1";"1";"1";"0";"1";"1";"1";"0";"1";"0";"1";"0";"1";"1";"1";"1";"0";"1";"1";"1";"1";"1";"1";"1";"1";"1";"1";"0";"1";"1";"1";"1";"1";"1";"1";"1";"0";"1";"1";"1";"0";"0";"0";"1";"1";"1";"0";"1";"1";"0";"1";"1";"1";"0";"1";"1";"1";"1";"1";"1";"1";"1";"0";"1";"1";"1";"1";"0";"1";"1";"1";"1";"1";"1";"1";"1";"1";"1";"0";"1";"0";"1";"1";"1";"1";"1";"0";"1";"0";"1";"1";"1";"1";"1";"1";"1";"1";"1";"1";"1";"0";"0";"0";"0";"0";"1";"1";"1";"1";"0";"0";"1";"1";"1";"0";"0";"1";"1";"1";"1";"1";"1";"0";"0";"1";"1";"1";"1";"0";"0";"1";"1";"1";"0";"1";"0";"1";"1";"0";"0";"0";"1";"1";"1";"1";"1";"1";"1";"1";"1";"1";"0";"1";"1";"1";"0";"0";"1";"0";"1";"1";"1";"1";"1";"1";"1";"1";"1";"1";"1";"1";"1";"0";"1";"0";"0";"1";"1";"1";"0";"0";"0";"1";"0";"1";"1";"1";"1";"1";"0";"1";"1";"1";"1";"1";"1";"0";"1";"1";"1";"1";"1";"0";"1";"1";"0";"1";"0";"1";"1";"0";"1";"0";"1";"1";"0";"1";"1";"1";"1";"1";"1";"0";"1";"1";"1";"1";"0";"1";"1";"0.999994335785938";"0.998906931525566";"1.00779413919812";"0.999431110729466";"0.998581882740106";"1.00894655637938";"0.998893811221136";"1.00360981031988";"0.992408608881556";"0.992282686259481";"0.989951653214242";"1.00184310854142";"0.98472887630662";"0.987437406659053";"0.998777345526196";"0.998446392701707";"0.999779735682819";"0.992904591018663";"0.997363319115936";"0.997258839971293";"1.0041543346069";"0.997734648979503";"0.998782852663283";"0.997785807724475";"1.00653477186503";"0.995149421602139";"0.998784178936028";"0.998085012357399";"1.00513470647832";"0.998445737969707";"305368";"FALSE";"TIME_LIMIT";"0.853695154190063"
"Dim.  17";"1";"0";"1";"1";"1";"1";"1";"0";"1";"1";"1";"1";"1";"1";"0";"1";"1";"1";"1";"0";"0";"1";"1";"0";"1";"1";"1";"1";"1";"0";"1";"1";"1";"1";"1";"1";"0";"1";"1";"1";"1";"0";"1";"0";"1";"1";"1";"1";"1";"1";"1";"1";"1";"0";"1";"1";"1";"1";"1";"1";"1";"1";"1";"1";"1";"0";"1";"1";"1";"1";"1";"1";"1";"1";"0";"1";"1";"0";"0";"1";"1";"0";"1";"1";"1";"1";"1";"1";"1";"1";"1";"1";"1";"1";"0";"1";"0";"1";"1";"1";"1";"1";"1";"1";"1";"1";"1";"1";"0";"1";"1";"1";"0";"1";"1";"1";"1";"1";"1";"1";"1";"1";"1";"1";"0";"0";"1";"0";"1";"1";"1";"0";"1";"0";"0";"1";"1";"0";"0";"1";"1";"1";"1";"1";"0";"1";"1";"1";"1";"0";"1";"1";"1";"1";"1";"0";"1";"1";"1";"1";"0";"1";"1";"0";"0";"1";"1";"1";"1";"1";"0";"1";"1";"1";"1";"1";"1";"0";"0";"1";"0";"0";"1";"1";"1";"1";"1";"0";"1";"1";"1";"0";"1";"1";"1";"1";"1";"0";"1";"0";"1";"1";"1";"1";"0";"0";"0";"1";"0";"1";"0";"1";"1";"1";"1";"0";"0";"1";"1";"0";"0";"1";"1";"0";"1";"0";"0";"1";"1";"1";"0";"0";"1";"0";"1";"1";"1";"0";"1";"1";"1";"1";"1";"1";"1";"1";"1";"1";"1";"0";"1";"1";"0";"0";"1";"1";"1";"1";"1";"1";"1";"1";"1";"1";"0";"1";"0";"1";"1";"1";"1";"1";"1";"0";"1";"1";"1";"0";"1";"0";"1";"0";"1";"1";"1";"1";"0";"1";"1";"1";"1";"1";"1";"1";"1";"1";"1";"0";"1";"1";"1";"1";"0";"1";"1";"1";"0";"1";"1";"1";"0";"0";"0";"1";"1";"1";"0";"1";"1";"0";"1";"1";"1";"0";"1";"1";"1";"1";"1";"1";"1";"1";"0";"1";"1";"1";"1";"0";"1";"0";"1";"1";"1";"1";"1";"1";"1";"1";"0";"1";"0";"1";"1";"1";"1";"1";"0";"1";"0";"1";"1";"1";"1";"1";"1";"1";"1";"1";"1";"1";"0";"0";"0";"0";"0";"1";"1";"1";"1";"0";"0";"1";"1";"1";"0";"0";"1";"1";"1";"1";"1";"1";"0";"0";"1";"1";"1";"1";"0";"0";"1";"1";"1";"0";"1";"0";"1";"1";"0";"1";"0";"1";"1";"1";"0";"1";"1";"1";"1";"1";"1";"0";"1";"1";"1";"0";"0";"1";"0";"1";"1";"1";"1";"1";"1";"1";"1";"1";"1";"1";"1";"1";"0";"1";"0";"0";"1";"1";"1";"0";"0";"0";"1";"0";"1";"1";"1";"1";"1";"1";"1";"1";"1";"1";"1";"1";"0";"1";"1";"1";"1";"1";"0";"1";"1";"0";"1";"0";"1";"1";"0";"1";"0";"1";"0";"0";"1";"1";"1";"1";"1";"1";"0";"1";"1";"1";"1";"0";"1";"1";"0.999314630098501";"0.998207998318356";"1.00962326517985";"0.9979927869134";"0.997905300077942";"0.997241032014743";"0.998776245263962";"1.0064987591277";"0.995602192007554";"0.996331633057589";"0.988589339124022";"1.00765521246244";"0.979616724738676";"0.989996046736361";"1.00038902642348";"0.998854410780047";"0.99972064037821";"0.990984849311184";"0.994582617847449";"0.9993632738516";"0.997013399343486";"0.996945043455532";"0.997746214465487";"0.997941283695396";"1.01293196958553";"0.995051168948024";"0.999810188272713";"0.997763119847674";"1.00559088907867";"1.00099046109774";"305372";"FALSE";"TIME_LIMIT";"1.19576597213745"
"Dim.  18";"1";"1";"1";"1";"1";"1";"1";"0";"1";"1";"1";"0";"1";"1";"0";"1";"1";"1";"1";"0";"0";"1";"1";"0";"1";"1";"1";"1";"1";"0";"1";"1";"1";"1";"1";"1";"0";"1";"1";"1";"1";"0";"1";"1";"1";"1";"1";"1";"1";"1";"1";"1";"1";"0";"1";"1";"1";"1";"1";"1";"1";"1";"1";"1";"1";"0";"1";"1";"1";"1";"1";"1";"1";"1";"0";"1";"1";"0";"0";"1";"1";"0";"1";"1";"1";"1";"1";"1";"1";"1";"1";"1";"1";"1";"0";"1";"0";"1";"1";"1";"1";"1";"1";"1";"1";"1";"1";"1";"0";"0";"1";"1";"0";"1";"1";"1";"1";"1";"1";"1";"1";"1";"1";"1";"0";"0";"1";"0";"1";"1";"1";"0";"1";"0";"0";"1";"1";"0";"0";"1";"1";"1";"1";"1";"0";"1";"1";"1";"1";"0";"1";"1";"1";"1";"1";"0";"1";"1";"1";"1";"0";"1";"1";"0";"1";"1";"1";"1";"1";"1";"0";"1";"1";"1";"1";"1";"1";"0";"0";"1";"0";"0";"1";"1";"1";"1";"1";"0";"1";"1";"1";"0";"1";"1";"1";"0";"1";"0";"1";"0";"1";"1";"1";"1";"0";"0";"0";"0";"0";"1";"0";"1";"1";"1";"1";"0";"0";"1";"1";"0";"0";"1";"1";"0";"1";"0";"0";"1";"1";"1";"0";"0";"1";"0";"1";"1";"1";"0";"1";"1";"1";"1";"1";"1";"1";"1";"1";"1";"0";"0";"1";"1";"0";"1";"1";"1";"1";"1";"1";"1";"1";"1";"1";"1";"0";"1";"0";"1";"1";"0";"1";"1";"1";"0";"1";"1";"1";"0";"1";"0";"1";"0";"1";"1";"1";"1";"0";"1";"1";"1";"1";"1";"1";"1";"0";"1";"1";"0";"1";"1";"1";"1";"1";"1";"1";"1";"0";"1";"1";"1";"0";"0";"0";"1";"1";"1";"0";"1";"1";"0";"1";"1";"1";"0";"1";"1";"1";"1";"1";"1";"1";"1";"0";"1";"1";"1";"1";"0";"1";"1";"1";"1";"1";"1";"1";"1";"1";"1";"0";"1";"0";"1";"1";"1";"1";"1";"0";"1";"0";"1";"1";"0";"1";"1";"1";"1";"1";"1";"1";"1";"0";"0";"0";"0";"0";"1";"1";"1";"1";"0";"0";"1";"1";"1";"0";"0";"1";"1";"1";"1";"1";"1";"1";"0";"1";"1";"1";"1";"0";"0";"1";"1";"1";"0";"1";"0";"1";"1";"0";"1";"0";"1";"1";"1";"1";"1";"1";"1";"1";"1";"1";"0";"1";"1";"1";"0";"0";"1";"0";"1";"1";"1";"1";"1";"1";"1";"1";"1";"1";"1";"1";"1";"0";"1";"1";"0";"1";"1";"1";"0";"0";"0";"1";"0";"1";"1";"1";"1";"1";"0";"1";"1";"1";"1";"1";"1";"0";"1";"1";"1";"1";"1";"0";"1";"1";"0";"1";"0";"1";"1";"0";"1";"0";"1";"0";"0";"1";"1";"1";"1";"1";"1";"0";"1";"1";"1";"1";"0";"1";"1";"0.997292505678375";"0.997114929843922";"1.01513235381918";"0.99915203297411";"0.99951827314454";"0.996908884412634";"0.998995345456877";"1.0017498775636";"0.985331798432916";"0.993641144911066";"0.994868275494735";"1.00539803570076";"0.985115418118467";"0.99473447245893";"1.00228363562876";"0.997483888516907";"0.999183410336306";"0.996427753356821";"0.99614468509389";"0.999676240941491";"1.00808803745359";"0.998540591169487";"0.999004621033956";"0.99964079689477";"0.998968193916048";"0.983896907109872";"0.997101523623865";"0.999650828464027";"1.00243474201813";"0.998151139284227";"305354";"FALSE";"TIME_LIMIT";"1.70613598823547"
"Dim.  19";"1";"1";"1";"1";"1";"1";"1";"0";"1";"1";"1";"0";"1";"1";"0";"1";"1";"1";"1";"0";"0";"1";"1";"0";"1";"1";"1";"1";"1";"0";"1";"1";"1";"1";"0";"1";"0";"1";"1";"1";"1";"0";"1";"0";"1";"1";"1";"1";"1";"1";"1";"1";"1";"0";"1";"1";"1";"1";"1";"1";"1";"1";"1";"1";"1";"0";"1";"1";"1";"1";"1";"1";"1";"1";"0";"1";"1";"0";"0";"1";"1";"0";"1";"1";"1";"1";"1";"1";"1";"0";"1";"1";"1";"1";"0";"1";"0";"1";"1";"1";"1";"1";"1";"1";"1";"1";"1";"1";"0";"0";"1";"1";"0";"1";"1";"1";"1";"1";"1";"1";"1";"1";"1";"1";"0";"0";"1";"0";"1";"1";"1";"0";"1";"0";"0";"1";"1";"0";"0";"1";"1";"1";"1";"1";"0";"1";"1";"1";"1";"0";"1";"1";"1";"1";"1";"0";"1";"1";"1";"1";"0";"1";"1";"0";"0";"1";"1";"1";"1";"1";"1";"1";"1";"1";"1";"1";"1";"0";"0";"1";"0";"1";"1";"1";"1";"1";"1";"0";"1";"1";"1";"0";"1";"1";"1";"1";"1";"0";"1";"0";"1";"1";"1";"1";"0";"0";"0";"0";"0";"1";"0";"1";"1";"1";"1";"0";"0";"1";"1";"0";"0";"1";"1";"0";"1";"0";"0";"1";"1";"1";"0";"0";"1";"0";"1";"1";"1";"0";"1";"1";"1";"1";"1";"1";"1";"1";"1";"1";"1";"0";"1";"1";"0";"1";"1";"1";"1";"1";"1";"1";"1";"1";"1";"1";"0";"1";"0";"1";"1";"1";"1";"1";"1";"0";"0";"1";"1";"0";"1";"0";"1";"0";"1";"1";"1";"1";"0";"1";"1";"1";"1";"1";"1";"1";"0";"1";"1";"0";"1";"1";"1";"1";"1";"1";"1";"1";"0";"1";"1";"1";"0";"0";"0";"1";"1";"1";"0";"1";"1";"0";"1";"1";"1";"0";"1";"1";"1";"1";"1";"1";"1";"1";"0";"1";"1";"1";"1";"0";"1";"1";"1";"1";"1";"1";"1";"1";"1";"1";"0";"1";"0";"1";"1";"1";"1";"1";"0";"1";"0";"1";"1";"1";"1";"1";"1";"1";"1";"1";"1";"1";"1";"0";"0";"0";"0";"1";"1";"1";"1";"0";"1";"1";"1";"1";"0";"0";"1";"1";"1";"1";"1";"1";"1";"0";"1";"1";"1";"1";"0";"0";"0";"0";"1";"0";"1";"0";"1";"1";"0";"0";"0";"1";"1";"1";"1";"1";"1";"1";"1";"1";"1";"0";"1";"1";"1";"0";"0";"1";"0";"1";"1";"1";"1";"1";"1";"1";"1";"1";"1";"1";"1";"1";"0";"1";"1";"0";"1";"1";"1";"0";"0";"0";"1";"0";"1";"1";"1";"1";"1";"0";"1";"1";"1";"1";"1";"1";"0";"1";"1";"1";"1";"1";"0";"1";"1";"0";"1";"0";"1";"1";"0";"1";"0";"1";"1";"0";"1";"1";"1";"1";"1";"1";"0";"1";"1";"1";"0";"0";"1";"1";"0.996431545140954";"0.999710967470703";"0.998094886588761";"0.998384569146881";"0.999680652983459";"0.998982128316119";"0.995767625541739";"1.0029659874427";"0.987846347272988";"1.00334593123133";"0.996865653296185";"1.00425682328881";"0.986607142857143";"0.993235526662567";"1.00558278179154";"0.999905841981922";"0.999629311271086";"0.995162469049619";"0.99919680939456";"0.999163622432186";"1.00190496690524";"0.999466335576902";"0.999293435656228";"0.999528210846861";"0.995407140098101";"0.993991074522053";"0.995988303493562";"0.996737428460754";"1.01140456500867";"0.992055994067392";"305260";"FALSE";"TIME_LIMIT";"2.47891807556152"
"Dim.  20";"1";"1";"1";"1";"1";"1";"1";"0";"1";"1";"1";"0";"1";"1";"0";"1";"1";"1";"0";"0";"0";"1";"1";"0";"1";"1";"1";"1";"0";"0";"0";"1";"1";"1";"0";"1";"0";"1";"1";"1";"1";"0";"1";"0";"1";"1";"1";"1";"1";"1";"1";"1";"1";"0";"1";"1";"1";"1";"1";"1";"1";"1";"1";"1";"1";"0";"1";"1";"1";"1";"1";"1";"1";"1";"0";"1";"1";"0";"0";"1";"1";"0";"1";"1";"1";"1";"1";"1";"1";"1";"1";"1";"1";"1";"0";"1";"0";"1";"1";"1";"1";"1";"1";"1";"1";"1";"1";"1";"0";"1";"1";"1";"0";"1";"1";"1";"1";"1";"1";"1";"1";"1";"1";"1";"0";"0";"1";"0";"1";"1";"1";"0";"1";"0";"0";"1";"1";"0";"0";"1";"1";"1";"1";"1";"0";"1";"1";"1";"1";"0";"1";"1";"1";"1";"1";"0";"1";"1";"1";"1";"0";"1";"1";"0";"0";"1";"1";"1";"1";"1";"0";"1";"1";"1";"1";"1";"1";"0";"1";"1";"0";"0";"1";"1";"1";"1";"1";"0";"1";"1";"1";"1";"1";"1";"1";"0";"1";"0";"1";"0";"0";"1";"1";"1";"0";"0";"0";"0";"0";"1";"0";"1";"1";"1";"1";"0";"1";"1";"1";"0";"0";"1";"1";"0";"1";"0";"0";"1";"1";"1";"0";"0";"1";"0";"1";"1";"1";"0";"1";"1";"1";"1";"1";"1";"1";"1";"1";"1";"1";"0";"1";"1";"0";"0";"1";"1";"1";"1";"1";"1";"1";"1";"1";"1";"0";"1";"0";"1";"1";"1";"1";"1";"1";"0";"0";"1";"1";"0";"1";"0";"1";"0";"1";"1";"1";"1";"0";"1";"1";"1";"1";"1";"1";"1";"1";"1";"1";"0";"1";"1";"1";"1";"1";"1";"1";"1";"0";"1";"1";"1";"0";"0";"0";"1";"1";"1";"0";"1";"1";"0";"1";"1";"1";"0";"1";"1";"1";"1";"1";"1";"1";"1";"0";"1";"1";"1";"1";"0";"1";"0";"1";"1";"1";"1";"1";"1";"1";"1";"0";"1";"0";"1";"1";"1";"1";"1";"0";"1";"0";"1";"1";"1";"1";"1";"1";"1";"1";"1";"1";"1";"1";"0";"0";"0";"0";"1";"1";"1";"1";"0";"0";"1";"1";"1";"0";"0";"1";"1";"1";"1";"1";"1";"1";"0";"1";"1";"1";"1";"0";"0";"0";"1";"1";"0";"1";"0";"1";"1";"0";"1";"0";"1";"1";"1";"1";"1";"1";"1";"1";"1";"1";"0";"1";"1";"1";"0";"0";"1";"0";"1";"1";"1";"1";"1";"1";"1";"1";"1";"1";"1";"1";"1";"0";"1";"1";"1";"1";"1";"1";"0";"0";"0";"1";"0";"1";"1";"1";"1";"1";"0";"1";"1";"1";"1";"1";"1";"0";"1";"1";"1";"1";"1";"0";"1";"1";"0";"1";"0";"1";"1";"0";"1";"0";"1";"0";"0";"1";"1";"1";"1";"1";"1";"0";"1";"1";"1";"1";"0";"1";"1";"0.99807983143299";"0.999448210625887";"0.997389289029043";"0.996613498776351";"0.99847362951416";"0.999416063086616";"0.996109635598972";"1.00614658251113";"0.993936436024891";"1.00215133335095";"0.996722251813004";"1.01095765899967";"0.984385888501742";"1.00016471931828";"0.992305360480978";"0.996055825242718";"0.997700655420651";"0.995887826001593";"0.992206281504459";"0.999881288345214";"0.997820588710111";"0.999771286675815";"0.998679704583901";"0.999699770538912";"0.996412489615798";"0.989269775932237";"0.998866259682963";"0.999885428089759";"0.996562717150874";"0.997114964597365";"305193";"FALSE";"TIME_LIMIT";"3.66930603981018"
"Dim.  21";"1";"0";"1";"1";"1";"1";"1";"0";"1";"1";"1";"0";"1";"1";"0";"1";"1";"1";"1";"0";"0";"1";"1";"1";"1";"1";"1";"1";"1";"0";"0";"1";"1";"1";"0";"1";"0";"1";"1";"1";"1";"0";"1";"0";"1";"1";"1";"1";"1";"1";"1";"1";"1";"0";"1";"1";"1";"1";"1";"1";"1";"1";"1";"1";"1";"0";"1";"1";"1";"1";"1";"1";"1";"1";"0";"1";"1";"0";"0";"1";"1";"0";"1";"1";"1";"1";"1";"1";"1";"1";"1";"1";"1";"1";"0";"1";"0";"1";"1";"1";"1";"1";"1";"1";"1";"1";"1";"1";"0";"0";"1";"1";"0";"1";"1";"1";"1";"1";"1";"1";"1";"1";"1";"1";"0";"0";"1";"0";"1";"1";"1";"0";"1";"0";"0";"1";"1";"0";"0";"1";"1";"1";"1";"1";"0";"1";"1";"1";"1";"0";"1";"1";"1";"1";"1";"0";"1";"1";"1";"1";"0";"1";"1";"0";"0";"1";"1";"1";"1";"1";"0";"1";"1";"1";"1";"1";"1";"0";"1";"1";"0";"0";"1";"1";"1";"1";"1";"0";"1";"1";"1";"0";"1";"1";"1";"1";"1";"0";"1";"0";"1";"1";"1";"1";"0";"0";"0";"0";"0";"1";"0";"1";"1";"1";"1";"0";"0";"1";"1";"0";"0";"1";"1";"0";"1";"0";"0";"1";"1";"1";"0";"0";"1";"0";"1";"1";"1";"0";"1";"1";"1";"1";"1";"1";"1";"1";"1";"1";"1";"0";"1";"1";"0";"1";"1";"1";"1";"1";"1";"1";"1";"1";"1";"1";"0";"1";"0";"1";"1";"0";"1";"1";"1";"0";"0";"1";"1";"0";"1";"0";"1";"0";"1";"1";"1";"1";"0";"1";"1";"1";"1";"1";"1";"1";"0";"1";"1";"0";"1";"1";"1";"1";"1";"1";"1";"1";"0";"1";"1";"1";"0";"1";"0";"1";"1";"1";"0";"1";"1";"0";"1";"1";"1";"0";"1";"1";"1";"1";"1";"1";"1";"1";"0";"1";"1";"1";"1";"0";"1";"1";"1";"0";"1";"1";"1";"1";"1";"1";"0";"1";"0";"1";"1";"1";"1";"0";"0";"1";"0";"1";"1";"1";"1";"1";"1";"1";"1";"1";"1";"1";"1";"0";"0";"0";"0";"1";"1";"1";"1";"0";"0";"1";"1";"1";"0";"0";"1";"1";"1";"1";"1";"1";"1";"0";"1";"1";"1";"1";"0";"0";"0";"1";"1";"0";"1";"0";"1";"1";"0";"1";"0";"1";"1";"1";"1";"1";"1";"1";"1";"1";"1";"0";"1";"1";"1";"0";"0";"1";"0";"1";"1";"1";"1";"1";"1";"1";"1";"1";"1";"1";"1";"1";"0";"1";"1";"0";"1";"1";"1";"0";"0";"0";"1";"0";"1";"1";"1";"1";"1";"0";"1";"1";"1";"1";"1";"1";"0";"1";"1";"1";"1";"1";"0";"1";"1";"0";"1";"0";"1";"1";"0";"1";"0";"1";"1";"0";"1";"1";"1";"1";"1";"1";"0";"1";"1";"1";"1";"0";"1";"1";"0.993446504330292";"0.996752325398077";"0.998409691653866";"0.99953308144777";"0.998370788949511";"0.997744610637295";"0.996360799234753";"1.00956379624382";"0.989554542898522";"1.0001638607712";"1.00786147416725";"0.996126947256798";"0.993205574912892";"0.997748835983484";"0.998140756833224";"0.999183963843321";"0.999543354464382";"1.00075262601032";"0.986434387636404";"0.999881288345214";"1.00027444438465";"0.996607419024592";"0.999989685192062";"0.99771611159958";"0.995946854049707";"0.994120354330098";"0.999379264351306";"0.997179348685969";"0.999002763617846";"0.997379087556761";"305164";"FALSE";"TIME_LIMIT";"5.53166484832764"
"Dim.  22";"1";"1";"1";"1";"1";"1";"1";"0";"1";"1";"1";"1";"1";"1";"0";"1";"1";"1";"1";"0";"0";"1";"1";"0";"1";"1";"1";"1";"1";"0";"0";"1";"1";"1";"0";"0";"0";"1";"1";"1";"1";"0";"1";"0";"1";"1";"1";"1";"1";"1";"1";"1";"1";"0";"1";"1";"1";"1";"1";"0";"1";"1";"1";"1";"1";"0";"1";"1";"1";"1";"1";"1";"1";"1";"0";"1";"1";"0";"0";"1";"1";"0";"1";"1";"1";"1";"1";"1";"1";"1";"1";"1";"1";"1";"0";"1";"0";"1";"1";"1";"1";"1";"1";"1";"1";"1";"1";"1";"0";"1";"1";"1";"0";"1";"1";"1";"1";"1";"1";"1";"1";"1";"1";"1";"0";"0";"1";"0";"1";"1";"1";"0";"1";"0";"0";"1";"1";"0";"0";"1";"1";"1";"1";"1";"0";"1";"1";"1";"1";"0";"1";"1";"1";"1";"1";"0";"1";"1";"1";"1";"0";"1";"1";"0";"0";"1";"1";"1";"1";"1";"1";"1";"1";"1";"1";"1";"1";"0";"1";"1";"0";"0";"1";"1";"1";"1";"1";"0";"1";"1";"1";"0";"1";"1";"1";"1";"1";"0";"1";"0";"1";"1";"1";"1";"0";"0";"0";"0";"0";"1";"0";"1";"1";"1";"1";"0";"0";"1";"1";"0";"0";"1";"1";"0";"1";"0";"0";"1";"1";"1";"0";"1";"1";"0";"1";"1";"1";"0";"1";"1";"1";"1";"1";"1";"1";"1";"1";"1";"1";"0";"0";"1";"0";"0";"1";"1";"1";"1";"1";"1";"1";"1";"1";"1";"0";"1";"0";"1";"1";"0";"1";"0";"1";"0";"0";"1";"1";"0";"1";"0";"1";"1";"1";"1";"1";"1";"0";"1";"1";"1";"1";"1";"1";"1";"0";"1";"1";"0";"1";"1";"1";"1";"1";"1";"1";"1";"0";"1";"1";"1";"0";"0";"0";"1";"1";"1";"0";"1";"1";"0";"1";"1";"1";"0";"1";"1";"1";"1";"1";"1";"1";"1";"0";"1";"1";"1";"1";"0";"1";"1";"1";"1";"1";"1";"1";"1";"1";"1";"0";"1";"0";"1";"1";"1";"1";"0";"0";"1";"0";"1";"1";"1";"1";"1";"1";"1";"1";"1";"1";"1";"0";"0";"0";"0";"0";"1";"1";"1";"1";"0";"0";"1";"1";"1";"0";"0";"1";"1";"1";"1";"1";"1";"1";"0";"1";"1";"1";"1";"0";"0";"0";"1";"1";"0";"1";"0";"1";"1";"0";"1";"0";"1";"1";"1";"1";"1";"1";"1";"1";"1";"1";"0";"1";"1";"1";"0";"0";"1";"0";"1";"1";"1";"1";"1";"1";"1";"1";"1";"1";"1";"1";"1";"0";"1";"1";"1";"1";"1";"1";"0";"0";"0";"1";"0";"1";"1";"1";"1";"1";"0";"1";"1";"1";"1";"1";"1";"0";"1";"1";"1";"1";"1";"0";"1";"1";"0";"1";"0";"1";"1";"0";"1";"0";"1";"1";"0";"1";"1";"1";"1";"1";"1";"0";"1";"1";"1";"1";"0";"1";"1";"0.994924864200468";"0.9981449366756";"0.999397528237472";"0.998212828989739";"0.998457391530268";"0.997005314361634";"0.998818996521116";"0.994689836953232";"0.989347649639528";"1.00264820149589";"0.997516081452042";"0.999777817052541";"0.995078397212544";"1.00427172098744";"0.999262365482746";"0.99955536491463";"0.9998871816912";"0.991121194602908";"0.998692738049078";"0.998661795891498";"1.00926653392886";"0.998998017817857";"0.999834963072988";"0.996365079024683";"0.99749720883226";"0.992832727441966";"0.99923562304417";"0.999749032958519";"0.98962980251537";"0.997074330295919";"305151";"FALSE";"TIME_LIMIT";"8.51759099960327"
"Dim.  23";"1";"1";"1";"1";"1";"1";"1";"0";"1";"1";"1";"0";"1";"1";"0";"1";"1";"1";"0";"0";"0";"1";"1";"0";"1";"1";"1";"1";"0";"0";"1";"1";"1";"1";"0";"1";"0";"1";"1";"1";"1";"0";"1";"0";"1";"1";"1";"1";"1";"1";"1";"1";"1";"0";"1";"1";"1";"1";"1";"0";"1";"1";"1";"1";"1";"0";"1";"1";"1";"1";"1";"1";"1";"1";"0";"1";"1";"0";"0";"1";"1";"0";"1";"1";"1";"1";"1";"1";"1";"1";"1";"1";"1";"1";"0";"1";"0";"1";"1";"1";"1";"1";"1";"1";"1";"1";"1";"1";"0";"0";"1";"1";"0";"1";"1";"1";"1";"1";"1";"1";"1";"1";"1";"1";"0";"0";"1";"0";"1";"1";"1";"0";"1";"0";"0";"1";"1";"0";"0";"1";"1";"1";"1";"1";"0";"1";"1";"1";"1";"0";"1";"1";"1";"1";"1";"0";"1";"1";"1";"1";"0";"1";"1";"0";"0";"1";"1";"1";"1";"1";"1";"1";"1";"1";"1";"1";"1";"0";"1";"1";"0";"1";"1";"1";"1";"1";"1";"0";"1";"1";"1";"1";"1";"1";"1";"0";"1";"0";"1";"0";"1";"1";"1";"1";"0";"0";"0";"0";"0";"1";"0";"1";"1";"1";"1";"0";"0";"1";"1";"0";"0";"1";"1";"1";"1";"0";"0";"1";"1";"1";"0";"1";"1";"0";"1";"1";"1";"0";"1";"1";"1";"1";"1";"1";"1";"1";"1";"1";"0";"0";"1";"1";"0";"1";"1";"1";"1";"1";"1";"1";"1";"1";"1";"1";"0";"1";"0";"1";"1";"0";"1";"0";"1";"0";"1";"1";"1";"0";"1";"0";"1";"1";"1";"1";"1";"0";"0";"1";"0";"1";"1";"1";"1";"1";"1";"1";"1";"0";"1";"1";"1";"1";"1";"1";"1";"1";"0";"1";"1";"1";"0";"0";"0";"1";"1";"1";"0";"1";"1";"0";"1";"1";"1";"0";"1";"1";"1";"1";"1";"1";"1";"1";"1";"1";"1";"1";"1";"0";"1";"0";"1";"1";"1";"1";"1";"1";"1";"1";"0";"1";"0";"1";"1";"1";"1";"1";"0";"1";"0";"1";"1";"1";"1";"1";"1";"1";"1";"1";"1";"1";"1";"0";"0";"0";"0";"1";"1";"1";"1";"0";"0";"1";"1";"1";"0";"0";"1";"1";"1";"1";"1";"1";"1";"0";"1";"1";"1";"1";"0";"0";"0";"1";"1";"0";"1";"0";"1";"1";"0";"1";"0";"1";"1";"1";"1";"1";"1";"1";"1";"1";"1";"0";"1";"1";"1";"0";"0";"1";"0";"1";"1";"1";"1";"1";"1";"1";"1";"1";"1";"1";"1";"1";"0";"1";"1";"0";"1";"1";"1";"0";"0";"0";"1";"0";"1";"1";"1";"1";"1";"0";"1";"1";"1";"1";"1";"1";"0";"1";"1";"1";"1";"1";"0";"1";"1";"0";"1";"0";"1";"1";"0";"1";"0";"1";"1";"0";"1";"1";"1";"1";"1";"1";"0";"1";"1";"1";"0";"0";"1";"1";"0.996023721728492";"0.997924220925955";"0.999392100563935";"0.998438237945988";"0.998132631852429";"0.997289246989243";"0.99849836209246";"0.997435714010576";"0.989363564505605";"1.01055051933293";"0.99899106813619";"0.99876284495165";"0.983177264808362";"1.00165268382676";"0.997029252766129";"0.997912830599264";"0.998135811754593";"1.00212153273923";"0.998814601451282";"0.999633073067024";"0.998907603723834";"0.999444553355551";"0.999004621033956";"0.999388818597071";"0.998068670663372";"0.998086658840929";"0.999974349766583";"0.999498065917039";"0.999490772911241";"0.98978047318644";"305139";"FALSE";"TIME_LIMIT";"13.4111728668213"
"Dim.  24";"1";"1";"1";"1";"1";"1";"1";"0";"1";"1";"1";"0";"1";"1";"0";"1";"1";"1";"0";"0";"0";"1";"1";"0";"1";"1";"1";"1";"1";"0";"1";"1";"1";"1";"0";"1";"0";"1";"1";"1";"1";"0";"0";"0";"1";"1";"1";"1";"1";"1";"1";"1";"1";"0";"1";"1";"1";"1";"1";"0";"1";"1";"1";"1";"1";"0";"1";"1";"1";"1";"1";"1";"1";"1";"0";"1";"1";"0";"0";"1";"1";"0";"1";"1";"1";"1";"1";"1";"1";"0";"1";"1";"1";"1";"0";"1";"0";"1";"1";"1";"1";"1";"1";"1";"1";"1";"1";"1";"0";"0";"1";"1";"0";"1";"1";"1";"1";"1";"1";"1";"1";"1";"1";"1";"0";"0";"1";"0";"1";"1";"1";"0";"1";"0";"0";"1";"1";"0";"0";"1";"1";"1";"1";"1";"0";"1";"1";"1";"1";"0";"1";"1";"1";"1";"1";"0";"1";"1";"1";"1";"0";"1";"1";"0";"0";"1";"1";"1";"1";"1";"1";"1";"1";"1";"1";"1";"1";"0";"0";"1";"0";"0";"1";"1";"1";"1";"1";"0";"1";"1";"1";"0";"1";"1";"1";"1";"1";"0";"1";"0";"1";"1";"1";"1";"0";"0";"0";"0";"0";"1";"0";"1";"1";"1";"1";"0";"0";"1";"1";"0";"0";"1";"1";"0";"1";"0";"0";"1";"1";"1";"0";"1";"1";"0";"1";"1";"1";"0";"1";"1";"1";"1";"1";"1";"1";"1";"1";"1";"1";"0";"1";"1";"0";"1";"1";"1";"1";"1";"1";"1";"1";"1";"1";"1";"0";"1";"0";"1";"1";"1";"1";"0";"1";"0";"0";"1";"1";"1";"1";"0";"1";"0";"1";"1";"1";"1";"0";"1";"1";"1";"1";"1";"1";"1";"1";"1";"1";"0";"1";"1";"1";"1";"1";"1";"1";"1";"0";"1";"1";"1";"0";"1";"0";"1";"1";"1";"0";"1";"1";"0";"1";"1";"1";"0";"1";"1";"1";"1";"1";"1";"1";"1";"0";"1";"1";"1";"1";"0";"1";"1";"1";"1";"1";"1";"1";"1";"1";"1";"0";"1";"0";"1";"1";"1";"1";"0";"0";"1";"0";"1";"1";"1";"1";"1";"1";"1";"1";"1";"1";"1";"1";"0";"0";"0";"0";"1";"1";"1";"1";"0";"0";"1";"1";"1";"0";"0";"1";"1";"1";"1";"1";"1";"1";"0";"1";"1";"1";"1";"0";"0";"0";"1";"1";"0";"1";"0";"1";"1";"0";"0";"0";"1";"1";"1";"1";"1";"1";"1";"1";"1";"1";"0";"1";"1";"1";"0";"0";"1";"0";"1";"1";"1";"1";"1";"1";"1";"1";"1";"1";"1";"1";"1";"0";"1";"1";"0";"1";"1";"1";"0";"0";"0";"1";"0";"1";"1";"1";"1";"1";"0";"1";"1";"1";"1";"1";"1";"0";"1";"1";"1";"1";"1";"0";"1";"1";"0";"1";"0";"1";"1";"0";"1";"0";"1";"1";"0";"1";"1";"1";"1";"1";"1";"0";"1";"1";"1";"1";"0";"1";"1";"0.998374370564212";"0.999463976036576";"0.999006735742859";"0.999468678888841";"0.995924266043128";"0.998119615994514";"0.999898465764259";"0.997045018076565";"0.986382179593959";"0.995866479900626";"1.00209980743229";"0.997172217032343";"0.988844729965157";"0.995936923482386";"0.999651391906229";"0.997557122530968";"0.998200279359622";"0.997360355152216";"1.00871877250318";"0.998769715577667";"0.998751547112953";"0.999210394476029";"0.998220695630647";"0.998086037185563";"0.998216827434401";"0.995087367294277";"0.998296824501103";"0.998619681271857";"0.996806721797572";"0.993193754507868";"305068";"FALSE";"TIME_LIMIT";"21.5918810367584"
"Dim.  25";"1";"1";"1";"1";"1";"1";"1";"0";"1";"1";"1";"0";"1";"1";"0";"1";"1";"1";"1";"0";"0";"1";"1";"0";"1";"1";"1";"1";"1";"0";"0";"1";"1";"1";"0";"1";"0";"1";"1";"1";"1";"0";"1";"0";"1";"1";"1";"1";"1";"1";"1";"1";"1";"0";"1";"1";"1";"1";"1";"0";"1";"1";"1";"1";"1";"0";"1";"1";"1";"0";"1";"1";"1";"1";"0";"1";"1";"0";"0";"1";"1";"0";"1";"1";"1";"1";"1";"1";"1";"1";"1";"1";"1";"1";"0";"1";"0";"1";"1";"1";"1";"1";"1";"1";"1";"1";"1";"1";"0";"1";"1";"1";"0";"1";"1";"1";"1";"1";"1";"1";"1";"1";"1";"1";"0";"0";"1";"0";"1";"1";"1";"0";"1";"0";"0";"1";"1";"0";"0";"1";"1";"1";"1";"1";"0";"1";"1";"1";"1";"0";"1";"1";"1";"1";"1";"0";"1";"1";"1";"1";"0";"1";"1";"0";"0";"1";"1";"1";"1";"1";"1";"1";"1";"1";"1";"1";"1";"0";"1";"1";"0";"0";"1";"1";"1";"1";"1";"0";"1";"1";"1";"0";"1";"1";"1";"0";"1";"0";"1";"0";"1";"1";"1";"1";"0";"0";"0";"1";"0";"1";"0";"1";"1";"1";"1";"0";"0";"1";"1";"0";"0";"1";"1";"0";"1";"0";"0";"1";"1";"1";"0";"0";"1";"0";"1";"1";"1";"0";"1";"1";"1";"1";"1";"1";"1";"1";"1";"1";"1";"0";"1";"1";"0";"1";"0";"1";"1";"1";"1";"1";"1";"1";"1";"1";"0";"1";"0";"1";"1";"0";"1";"1";"1";"0";"0";"1";"1";"0";"1";"0";"1";"0";"1";"1";"1";"1";"0";"1";"1";"1";"1";"1";"1";"1";"0";"1";"1";"0";"1";"1";"1";"1";"1";"1";"1";"1";"0";"1";"1";"1";"0";"1";"0";"1";"1";"1";"0";"1";"1";"0";"1";"1";"1";"0";"1";"1";"1";"1";"1";"1";"1";"1";"0";"1";"1";"1";"1";"0";"1";"1";"1";"1";"1";"1";"1";"1";"1";"1";"0";"1";"0";"1";"1";"1";"1";"0";"0";"1";"0";"1";"1";"1";"1";"1";"1";"1";"1";"1";"1";"1";"1";"0";"0";"0";"0";"1";"1";"1";"1";"0";"1";"1";"1";"1";"0";"0";"1";"1";"1";"1";"1";"1";"1";"0";"1";"1";"1";"1";"0";"0";"0";"1";"1";"0";"1";"0";"1";"1";"0";"0";"0";"1";"1";"1";"1";"1";"1";"1";"1";"1";"1";"0";"1";"1";"1";"0";"0";"1";"0";"1";"1";"1";"1";"1";"1";"1";"1";"1";"1";"1";"1";"1";"0";"1";"1";"1";"1";"1";"1";"0";"0";"0";"1";"0";"1";"1";"1";"1";"1";"0";"1";"1";"1";"1";"1";"1";"0";"1";"1";"1";"1";"1";"0";"1";"1";"0";"1";"0";"1";"1";"0";"1";"0";"1";"0";"0";"1";"1";"1";"1";"1";"1";"0";"1";"1";"1";"1";"0";"1";"1";"0.998351713707964";"0.998339376740764";"0.998914465292742";"0.999629685286162";"0.998776738546809";"0.998253546479235";"0.998338044878132";"0.998844420476869";"0.981321252181663";"0.998398393107276";"1.00582312451346";"0.994768601509834";"0.992889808362369";"1.00092242818238";"0.993992825746476";"0.998592860729829";"0.999108198130439";"1.00178885022742";"0.999601174320058";"0.999201394322345";"0.998773072162729";"0.997326232329173";"0.995837974996906";"0.99768394415732";"0.998909989470287";"0.992925808903759";"0.997809470066178";"0.996622856550513";"0.996992377507015";"0.996373388595983";"305069";"FALSE";"TIME_LIMIT";"35.6142489910126"
"Dim.  26";"1";"1";"1";"1";"1";"1";"1";"0";"1";"1";"1";"0";"1";"1";"0";"1";"1";"1";"1";"0";"0";"1";"1";"0";"1";"1";"1";"1";"1";"0";"0";"1";"1";"1";"0";"1";"0";"1";"1";"1";"1";"0";"1";"0";"1";"1";"1";"1";"1";"1";"1";"1";"1";"0";"1";"1";"1";"1";"1";"1";"1";"1";"1";"1";"1";"0";"1";"1";"1";"0";"1";"1";"1";"1";"0";"1";"1";"0";"0";"1";"1";"0";"1";"1";"1";"1";"1";"1";"1";"1";"1";"1";"1";"1";"0";"1";"0";"1";"1";"1";"1";"1";"1";"1";"1";"1";"1";"1";"0";"1";"1";"1";"0";"1";"1";"1";"1";"1";"1";"1";"1";"1";"1";"1";"0";"0";"1";"0";"1";"1";"1";"0";"1";"0";"0";"1";"1";"0";"0";"1";"1";"1";"1";"1";"0";"1";"1";"1";"1";"0";"1";"1";"1";"1";"1";"0";"1";"1";"1";"1";"0";"1";"1";"0";"0";"1";"1";"1";"1";"1";"1";"1";"1";"1";"1";"1";"1";"0";"0";"1";"0";"0";"1";"1";"1";"1";"1";"0";"1";"1";"1";"0";"1";"1";"1";"0";"1";"0";"1";"0";"1";"1";"1";"1";"0";"0";"0";"1";"0";"1";"0";"1";"1";"1";"1";"0";"0";"1";"1";"0";"1";"1";"1";"0";"1";"0";"0";"1";"1";"1";"0";"1";"1";"0";"1";"1";"1";"0";"1";"1";"1";"1";"1";"1";"1";"1";"1";"0";"1";"0";"1";"1";"0";"0";"1";"1";"1";"1";"1";"1";"1";"1";"1";"1";"0";"1";"0";"1";"1";"0";"1";"1";"1";"0";"0";"1";"1";"0";"1";"0";"1";"1";"1";"1";"1";"1";"0";"1";"1";"1";"1";"1";"1";"1";"1";"1";"1";"0";"1";"1";"1";"1";"0";"1";"1";"1";"0";"1";"1";"1";"0";"0";"0";"1";"1";"1";"0";"1";"1";"0";"1";"1";"1";"0";"1";"1";"1";"1";"1";"1";"1";"1";"0";"1";"1";"1";"1";"0";"1";"0";"1";"1";"1";"1";"1";"1";"1";"1";"0";"1";"0";"1";"1";"1";"1";"1";"0";"1";"0";"1";"1";"1";"1";"1";"1";"1";"1";"1";"1";"1";"0";"0";"0";"0";"0";"1";"1";"1";"1";"0";"0";"1";"1";"1";"0";"0";"1";"1";"1";"1";"1";"1";"1";"0";"1";"1";"1";"1";"0";"0";"0";"1";"1";"0";"1";"0";"1";"1";"0";"1";"1";"1";"1";"1";"1";"1";"1";"1";"1";"1";"1";"0";"1";"1";"1";"0";"0";"1";"0";"1";"1";"1";"1";"1";"1";"1";"1";"1";"1";"1";"1";"1";"0";"1";"1";"0";"1";"1";"1";"0";"0";"0";"1";"0";"1";"1";"1";"1";"1";"0";"1";"1";"1";"1";"1";"1";"0";"1";"1";"1";"1";"1";"0";"1";"1";"0";"1";"0";"1";"1";"0";"1";"0";"1";"0";"0";"1";"1";"1";"1";"1";"1";"0";"1";"1";"1";"1";"0";"1";"1";"0.997371804675242";"0.998959482894529";"0.996743395878225";"0.9989963934567";"0.999290941370053";"0.996164230917585";"0.997996034820899";"0.998811403919065";"0.992917884596001";"0.999635277638291";"0.989526570246241";"0.998348776731386";"0.986988240418119";"1.00629227795836";"0.995801546001111";"0.998681787746903";"0.999962393897067";"0.999410988339751";"0.999739655458927";"0.999600697161173";"0.994570306193833";"0.999863861116557";"0.995626521434171";"0.999088589135983";"0.999619025445925";"0.984377827995801";"0.999127892063818";"0.99794316142091";"0.999002763617846";"0.997612734790073";"305060";"FALSE";"TIME_LIMIT";"60.2079520225525"
"Dim.  27";"1";"1";"1";"1";"1";"1";"1";"0";"1";"1";"1";"0";"1";"1";"0";"1";"1";"1";"1";"0";"0";"1";"1";"1";"1";"1";"1";"1";"1";"0";"0";"1";"1";"1";"0";"0";"0";"1";"1";"1";"1";"0";"1";"0";"1";"1";"1";"1";"1";"1";"1";"1";"1";"0";"1";"1";"1";"1";"1";"0";"1";"1";"1";"1";"1";"0";"1";"1";"1";"0";"1";"1";"1";"1";"0";"1";"1";"0";"0";"1";"1";"0";"1";"1";"1";"1";"1";"1";"1";"1";"1";"1";"1";"1";"0";"1";"0";"1";"1";"1";"1";"1";"1";"1";"1";"1";"1";"1";"0";"1";"1";"1";"0";"1";"1";"1";"1";"1";"1";"1";"1";"1";"1";"1";"0";"0";"1";"0";"1";"1";"1";"0";"1";"0";"0";"1";"1";"0";"0";"1";"1";"1";"1";"1";"0";"1";"1";"1";"1";"0";"1";"1";"1";"1";"1";"0";"1";"1";"1";"1";"0";"1";"1";"0";"0";"1";"1";"1";"1";"1";"1";"1";"1";"1";"1";"1";"1";"0";"0";"1";"0";"0";"1";"1";"1";"1";"1";"0";"1";"1";"1";"0";"1";"1";"1";"0";"1";"0";"1";"0";"1";"1";"1";"1";"0";"0";"0";"1";"0";"1";"0";"1";"1";"1";"1";"0";"0";"1";"1";"0";"0";"1";"1";"0";"1";"0";"0";"1";"1";"1";"0";"0";"1";"0";"1";"1";"1";"0";"1";"1";"1";"1";"1";"1";"1";"1";"1";"1";"1";"0";"1";"1";"0";"0";"1";"1";"1";"1";"1";"1";"1";"1";"1";"1";"0";"1";"0";"1";"1";"1";"1";"0";"1";"0";"0";"1";"1";"0";"1";"0";"1";"0";"1";"1";"1";"1";"0";"1";"1";"1";"1";"1";"1";"1";"1";"1";"1";"0";"1";"1";"1";"1";"1";"1";"1";"1";"0";"1";"1";"1";"0";"1";"1";"1";"1";"1";"0";"1";"1";"0";"1";"1";"1";"0";"1";"1";"1";"1";"1";"1";"1";"1";"0";"1";"1";"1";"1";"0";"1";"1";"1";"1";"1";"1";"1";"1";"1";"1";"0";"1";"0";"1";"1";"1";"1";"0";"0";"1";"0";"1";"1";"1";"1";"1";"1";"1";"1";"1";"1";"1";"0";"0";"0";"0";"0";"1";"1";"1";"1";"0";"0";"1";"1";"1";"0";"0";"1";"1";"1";"1";"1";"1";"1";"0";"1";"1";"1";"1";"0";"0";"0";"1";"1";"0";"1";"0";"1";"1";"0";"1";"0";"1";"1";"1";"1";"1";"1";"1";"1";"1";"1";"0";"1";"1";"1";"0";"0";"1";"0";"1";"1";"1";"1";"1";"1";"1";"1";"1";"1";"1";"1";"1";"0";"1";"1";"0";"1";"1";"1";"0";"0";"0";"1";"0";"1";"1";"1";"1";"1";"0";"1";"1";"1";"1";"1";"1";"0";"1";"1";"1";"1";"1";"0";"1";"1";"0";"1";"0";"1";"1";"0";"1";"0";"1";"1";"0";"1";"1";"1";"1";"1";"1";"0";"1";"1";"1";"1";"0";"1";"1";"0.996692098987805";"0.998108150717326";"0.999288974766746";"0.999355974410717";"0.998722611933836";"0.998221403162902";"0.99682037524916";"0.998640818370413";"0.98403208437001";"0.998445965589238";"0.997085877002499";"0.997066175171056";"0.987478222996516";"0.997523719581833";"1.00091446470975";"0.998190073652494";"0.999306973245944";"0.99941644215142";"0.996886943998227";"0.998079029586182";"0.999892374751117";"0.997849005641595";"0.99862297314024";"0.999008170530334";"0.999058146241316";"0.989466281240466";"0.997229774790951";"0.997981352057657";"0.997236382153712";"1.00937128577088";"305060";"FALSE";"TIME_LIMIT";"104.529843091965"
"Dim.  28";"1";"1";"1";"1";"1";"1";"1";"0";"1";"1";"1";"0";"1";"1";"0";"1";"1";"1";"0";"1";"0";"1";"1";"0";"1";"1";"1";"1";"0";"0";"1";"1";"1";"1";"0";"1";"0";"1";"1";"1";"1";"0";"0";"0";"1";"1";"1";"1";"1";"1";"1";"1";"1";"0";"1";"1";"1";"1";"1";"1";"1";"1";"1";"1";"1";"0";"1";"1";"1";"0";"1";"1";"1";"1";"0";"1";"1";"0";"0";"1";"1";"0";"1";"1";"1";"1";"1";"1";"1";"1";"1";"1";"1";"1";"0";"1";"0";"1";"1";"1";"1";"1";"1";"1";"1";"1";"1";"1";"0";"0";"1";"1";"0";"1";"1";"1";"1";"1";"1";"1";"1";"1";"1";"1";"0";"0";"1";"0";"1";"1";"1";"0";"1";"0";"0";"1";"1";"0";"0";"1";"1";"1";"1";"1";"0";"1";"1";"1";"1";"0";"1";"1";"1";"1";"1";"0";"1";"1";"1";"1";"0";"1";"1";"0";"0";"1";"1";"1";"1";"1";"1";"1";"1";"1";"1";"1";"1";"0";"1";"1";"0";"0";"1";"1";"1";"1";"1";"0";"1";"1";"1";"0";"1";"1";"1";"0";"1";"0";"1";"0";"1";"1";"1";"1";"0";"0";"0";"0";"0";"1";"0";"1";"1";"1";"1";"0";"0";"1";"1";"0";"0";"1";"1";"0";"1";"0";"0";"1";"1";"1";"0";"1";"1";"0";"1";"1";"1";"0";"1";"1";"1";"1";"1";"1";"1";"1";"1";"1";"1";"0";"1";"1";"0";"1";"1";"1";"1";"1";"1";"1";"1";"1";"1";"1";"0";"1";"0";"1";"1";"1";"1";"0";"1";"0";"0";"1";"1";"1";"1";"0";"1";"0";"1";"1";"1";"1";"0";"1";"1";"1";"1";"1";"1";"1";"1";"1";"1";"0";"1";"1";"1";"1";"1";"1";"1";"1";"0";"1";"1";"1";"0";"0";"0";"1";"1";"1";"0";"1";"1";"0";"1";"1";"1";"0";"1";"1";"1";"1";"1";"1";"1";"1";"0";"1";"1";"1";"1";"0";"1";"0";"1";"1";"1";"1";"1";"1";"1";"1";"0";"1";"0";"1";"1";"1";"1";"0";"0";"1";"0";"1";"1";"1";"1";"1";"1";"1";"1";"1";"1";"1";"1";"0";"0";"0";"0";"1";"1";"1";"1";"0";"0";"1";"1";"1";"0";"0";"1";"1";"1";"1";"1";"1";"1";"0";"1";"1";"1";"1";"0";"0";"0";"1";"1";"0";"1";"0";"1";"1";"0";"1";"0";"1";"1";"1";"1";"1";"1";"1";"1";"1";"1";"0";"1";"1";"1";"0";"0";"1";"0";"1";"1";"1";"1";"1";"1";"1";"1";"1";"1";"1";"1";"1";"0";"1";"1";"0";"1";"1";"1";"0";"0";"0";"1";"0";"1";"1";"1";"1";"1";"0";"1";"1";"1";"1";"1";"1";"0";"1";"1";"1";"1";"1";"0";"1";"1";"0";"1";"0";"1";"1";"0";"1";"0";"1";"1";"0";"1";"1";"1";"1";"1";"1";"0";"1";"1";"1";"1";"0";"1";"1";"0.995967079587872";"0.998996268852804";"0.999918584896956";"0.998320166587952";"0.997872824110158";"0.998719624566065";"0.996884502134891";"0.998585790774073";"0.99270038142629";"0.998541110553162";"0.997009054779367";"0.997131820132805";"0.99203506097561";"0.999006193446367";"0.996119840347598";"0.999257197857382";"0.999124315031697";"1.00226333184262";"0.998432393508004";"0.997911754072619";"0.996534466985955";"0.996917815678843";"0.999767916821389";"0.998809804636401";"0.995597627375138";"0.995330413333402";"0.998460985994973";"0.997277553180462";"0.99598983667602";"0.996383547171345";"305020";"FALSE";"TIME_LIMIT";"186.539888858795"
"Dim.  29";"1";"1";"1";"1";"1";"1";"1";"0";"1";"1";"1";"1";"1";"1";"0";"1";"1";"1";"1";"0";"0";"1";"1";"0";"1";"1";"1";"1";"1";"0";"0";"1";"1";"1";"0";"1";"0";"1";"1";"1";"1";"0";"1";"0";"1";"1";"1";"1";"1";"1";"1";"1";"1";"0";"1";"1";"1";"1";"1";"1";"1";"1";"1";"1";"1";"0";"1";"1";"1";"1";"1";"1";"1";"1";"0";"1";"1";"0";"0";"1";"1";"0";"1";"1";"1";"1";"1";"1";"1";"1";"1";"1";"1";"1";"0";"1";"0";"1";"1";"1";"1";"1";"1";"1";"1";"1";"1";"1";"0";"0";"1";"1";"0";"1";"1";"1";"1";"1";"1";"1";"1";"1";"1";"1";"0";"0";"1";"0";"1";"1";"1";"0";"1";"0";"0";"1";"1";"0";"0";"1";"1";"1";"1";"1";"0";"1";"1";"1";"1";"0";"1";"1";"1";"1";"1";"0";"1";"1";"1";"1";"0";"1";"1";"0";"1";"1";"1";"1";"1";"1";"1";"1";"1";"1";"1";"1";"1";"0";"0";"1";"0";"0";"1";"1";"1";"1";"1";"0";"1";"1";"1";"0";"1";"1";"1";"0";"1";"0";"1";"0";"1";"1";"1";"1";"0";"0";"0";"0";"0";"1";"0";"1";"1";"1";"1";"0";"0";"1";"1";"0";"0";"1";"1";"0";"1";"0";"0";"1";"1";"1";"0";"1";"1";"0";"1";"1";"1";"1";"1";"1";"1";"1";"1";"1";"1";"1";"1";"1";"1";"0";"1";"1";"0";"0";"1";"1";"1";"1";"1";"1";"1";"1";"1";"1";"0";"1";"0";"1";"1";"1";"1";"1";"1";"0";"0";"1";"1";"0";"1";"0";"1";"0";"1";"1";"1";"1";"0";"1";"1";"1";"1";"1";"1";"1";"1";"1";"1";"0";"1";"1";"1";"1";"0";"1";"1";"1";"0";"1";"1";"1";"0";"0";"0";"1";"1";"1";"0";"1";"1";"0";"1";"1";"1";"0";"1";"1";"1";"1";"1";"1";"1";"1";"0";"1";"1";"1";"1";"0";"1";"1";"1";"1";"1";"1";"1";"1";"1";"1";"0";"1";"0";"1";"1";"1";"1";"0";"0";"1";"0";"1";"1";"1";"1";"1";"1";"1";"1";"1";"1";"1";"0";"0";"0";"0";"0";"1";"1";"1";"1";"0";"0";"1";"1";"1";"0";"0";"1";"1";"1";"1";"1";"1";"1";"0";"1";"1";"1";"1";"0";"0";"0";"1";"1";"0";"1";"0";"1";"1";"0";"1";"0";"0";"1";"1";"1";"1";"1";"1";"1";"1";"1";"0";"1";"1";"1";"0";"0";"1";"0";"1";"1";"1";"1";"1";"1";"1";"1";"1";"1";"1";"1";"1";"0";"1";"1";"1";"1";"1";"1";"0";"0";"0";"1";"0";"1";"1";"1";"1";"1";"0";"1";"1";"1";"1";"1";"1";"0";"1";"1";"1";"1";"1";"0";"1";"1";"0";"1";"0";"1";"1";"0";"1";"0";"1";"0";"0";"1";"1";"1";"1";"0";"1";"0";"1";"1";"1";"1";"0";"1";"1";"0.995995400658182";"0.997067633611856";"0.996569710325063";"0.998781718260272";"0.999832207499784";"0.998901770025286";"0.997354765963587";"0.997006498759128";"0.99270038142629";"0.998604540529112";"0.994607079936084";"0.999388996894488";"0.983814242160279";"0.99715584643767";"1.00385995048755";"0.999403665885504";"0.997867196733641";"0.993269996400484";"0.993413837035396";"0.999589905192556";"0.998391002529193";"0.996776231240062";"0.999680240953913";"0.998707941069246";"0.99943912079539";"0.983726257763253";"0.999271533370954";"0.999749032958519";"0.998779976766514";"0.99919747254645";"305054";"FALSE";"TIME_LIMIT";"342.694551944733"
"Dim.  30";"1";"1";"1";"1";"1";"1";"1";"0";"1";"1";"1";"1";"1";"1";"0";"1";"1";"1";"1";"1";"0";"1";"1";"1";"1";"1";"1";"1";"1";"0";"0";"1";"1";"1";"0";"1";"0";"1";"1";"1";"1";"0";"1";"0";"1";"1";"1";"1";"1";"1";"1";"1";"1";"0";"1";"1";"1";"1";"1";"1";"1";"1";"1";"1";"1";"0";"1";"1";"1";"1";"1";"1";"1";"1";"0";"1";"1";"0";"0";"1";"1";"0";"1";"1";"1";"1";"1";"1";"1";"1";"1";"1";"1";"1";"0";"1";"0";"1";"1";"1";"1";"1";"1";"1";"1";"0";"1";"1";"0";"1";"1";"1";"0";"1";"1";"1";"1";"1";"1";"1";"1";"1";"1";"1";"0";"0";"1";"0";"1";"1";"1";"0";"1";"0";"0";"1";"1";"0";"0";"1";"1";"1";"1";"1";"0";"1";"1";"1";"1";"0";"1";"1";"1";"1";"1";"0";"1";"1";"1";"1";"0";"1";"1";"0";"0";"1";"1";"1";"1";"1";"1";"1";"1";"1";"1";"1";"1";"0";"0";"1";"0";"0";"1";"1";"1";"1";"1";"0";"1";"1";"1";"0";"1";"1";"1";"0";"1";"0";"1";"0";"1";"1";"1";"1";"0";"0";"0";"1";"0";"1";"0";"1";"1";"1";"1";"0";"0";"1";"1";"0";"0";"1";"1";"0";"1";"0";"0";"1";"1";"1";"0";"1";"1";"0";"1";"1";"1";"0";"1";"1";"1";"1";"1";"1";"1";"1";"1";"1";"1";"0";"0";"1";"0";"1";"1";"1";"1";"1";"1";"1";"1";"1";"1";"1";"0";"1";"0";"1";"1";"0";"1";"1";"1";"0";"0";"1";"1";"0";"1";"0";"1";"0";"1";"1";"1";"1";"0";"1";"1";"1";"1";"1";"1";"1";"0";"1";"1";"0";"1";"1";"1";"1";"0";"1";"1";"1";"0";"1";"1";"1";"0";"0";"0";"1";"1";"1";"0";"1";"1";"0";"1";"1";"1";"0";"1";"1";"1";"1";"1";"1";"1";"1";"0";"1";"1";"1";"1";"0";"1";"1";"1";"1";"1";"1";"1";"1";"1";"1";"0";"1";"0";"1";"1";"1";"1";"1";"0";"1";"0";"1";"1";"1";"1";"1";"1";"1";"1";"1";"1";"1";"1";"0";"0";"0";"0";"1";"1";"1";"1";"0";"0";"1";"1";"1";"0";"0";"1";"1";"1";"1";"1";"1";"0";"0";"1";"1";"1";"1";"0";"0";"0";"1";"1";"0";"1";"0";"1";"1";"0";"1";"0";"1";"1";"1";"1";"1";"1";"1";"1";"1";"1";"0";"1";"1";"1";"0";"0";"1";"0";"1";"1";"1";"1";"1";"1";"1";"1";"1";"1";"1";"1";"1";"0";"1";"1";"0";"1";"1";"1";"0";"0";"0";"1";"0";"1";"1";"1";"1";"1";"0";"1";"1";"1";"1";"1";"1";"0";"1";"1";"1";"1";"1";"0";"1";"1";"0";"1";"0";"1";"1";"0";"1";"0";"1";"0";"0";"1";"1";"1";"1";"1";"1";"0";"1";"1";"1";"1";"0";"1";"1";"0.998697230765745";"0.99990015239897";"0.999761182364403";"0.996323687261174";"0.999989174677405";"0.997744610637295";"0.999177038299783";"0.996395692439759";"0.992472268345862";"0.997283082696831";"0.99779264145532";"0.999757618602772";"0.99163218641115";"0.997408416059035";"0.996655383216289";"0.99786052058922";"0.997292360588804";"0.997796660085734";"0.991591425247881";"0.999492777475003";"0.999897756013561";"0.999281186695419";"0.999850435284895";"0.995957624756064";"0.993237701665176";"0.992010507862798";"0.999681937105628";"0.99819958426764";"0.998546581017499";"0.996754335172035";"305062";"TRUE";"TIME_LIMIT";"648.901235818863"
